1,\\172.16.10.1\c$\VisuPro\156005001\SecAna.db,CHAN_001,GEFJ4.32015.P_ACT,91#风机有功功率
2,\\172.16.10.1\c$\VisuPro\156005001\SecAna.db,CHAN_003,GEFJ4.32015.PF,91#风机性能因素
3,\\172.16.10.1\c$\VisuPro\156005001\SecAna.db,CHAN_004,GEFJ4.32015.Q,91#风机无功
4,\\172.16.10.1\c$\VisuPro\156005001\SecAna.db,CHAN_005,GEFJ4.32015.U_A_N,91#风机A相电压
5,\\172.16.10.1\c$\VisuPro\156005001\SecAna.db,CHAN_006,GEFJ4.32015.U_B_N,91#风机B相电压
6,\\172.16.10.1\c$\VisuPro\156005001\SecAna.db,CHAN_007,GEFJ4.32015.U_C_N,91#风机C相电压
7,\\172.16.10.1\c$\VisuPro\156005001\SecAna.db,CHAN_008,GEFJ4.32015.I_A,91#风机A相电流
8,\\172.16.10.1\c$\VisuPro\156005001\SecAna.db,CHAN_009,GEFJ4.32015.I_B,91#风机B相电流
9,\\172.16.10.1\c$\VisuPro\156005001\SecAna.db,CHAN_010,GEFJ4.32015.I_C,91#风机C相电流
10,\\172.16.10.1\c$\VisuPro\156005001\SecAna.db,CHAN_011,GEFJ4.32015.N_GEN_CCU,91#风机发电机转速
11,\\172.16.10.1\c$\VisuPro\156005001\SecAna.db,CHAN_012,GEFJ4.32015.N_ROT_PLC,91#风机叶轮转速
12,\\172.16.10.1\c$\VisuPro\156005001\SecAna.db,CHAN_013,GEFJ4.32015.BL1_ACT,91#风机桨距角度1
13,\\172.16.10.1\c$\VisuPro\156005001\SecAna.db,CHAN_014,GEFJ4.32015.V_WIN,91#风机风速
14,\\172.16.10.1\c$\VisuPro\156005001\SecAna.db,CHAN_017,GEFJ4.32015.N_GEN_PLC,91#风机发电机PLC转速
15,\\172.16.10.1\c$\VisuPro\156005001\SecAna.db,CHAN_019,GEFJ4.32015.BL2_ACT,91#风机桨距角度2
16,\\172.16.10.1\c$\VisuPro\156005001\SecAna.db,CHAN_020,GEFJ4.32015.BL3_ACT,91#风机桨距角度3
17,\\172.16.10.1\c$\VisuPro\156005001\SecAna.db,CHAN_021,GEFJ4.32015.BL1_SET_V,91#风机桨距设定角度
18,\\172.16.10.1\c$\VisuPro\156005001\SecAna.db,CHAN_032,GEFJ4.32015.T_GEN_1,91#风机发电机1温度
19,\\172.16.10.1\c$\VisuPro\156005001\SecAna.db,CHAN_033,GEFJ4.32015.T_GEN_2,91#风机发电机2温度
20,\\172.16.10.1\c$\VisuPro\156005001\SecAna.db,CHAN_034,GEFJ4.32015.T_BEAR_A,91#风机轴承A温度
21,\\172.16.10.1\c$\VisuPro\156005001\SecAna.db,CHAN_035,GEFJ4.32015.T_BEAR_B,91#风机轴承B温度
22,\\172.16.10.1\c$\VisuPro\156005001\SecAna.db,CHAN_036,GEFJ4.32015.T_GEAR,91#风机齿轮箱温度
23,\\172.16.10.1\c$\VisuPro\156005001\SecAna.db,CHAN_037,GEFJ4.32015.T_AMB,91#风机环境温度
24,\\172.16.10.1\c$\VisuPro\156005001\SecAna.db,CHAN_038,GEFJ4.32015.T_NAC,91#风机机舱温度
25,\\172.16.10.1\c$\VisuPro\156005001\SecAna.db,CHAN_040,GEFJ4.32015.T_GEAR_BEAR,91#风机齿轮箱轴承温度
26,\\172.16.10.1\c$\VisuPro\156005001\SecAna.db,CHAN_056,GEFJ4.32015.HYD_PRES,91#风机液压
27,\\172.16.10.1\c$\VisuPro\156005001\SecAna.db,CHAN_061,GEFJ4.32015.T_MAIN_BOX,91#风机主控柜温度
28,\\172.16.10.1\c$\VisuPro\156005001\SecAna.db,CHAN_062,GEFJ4.32015.T_TOP_BOX,91#风机顶部控制柜温度
29,\\172.16.10.1\c$\VisuPro\156005001\SecAna.db,CHAN_063,GEFJ4.32015.T_CTRL_BOX,91#风机轮毂控制柜温度
30,\\172.16.10.1\c$\VisuPro\156005001\SecAna.db,CHAN_064,GEFJ4.32015.T_CTRL_BOX1,91#风机轮毂轴承1控制柜温度
31,\\172.16.10.1\c$\VisuPro\156005001\SecAna.db,CHAN_065,GEFJ4.32015.T_BAT_BOX1,91#风机电池柜1温度
32,\\172.16.10.1\c$\VisuPro\156005001\SecAna.db,CHAN_066,GEFJ4.32015.T_CTRL_BOX2,91#风机轮毂轴承2控制柜温度
33,\\172.16.10.1\c$\VisuPro\156005001\SecAna.db,CHAN_067,GEFJ4.32015.T_BAT_BOX2,91#风机电池柜2温度
34,\\172.16.10.1\c$\VisuPro\156005001\SecAna.db,CHAN_068,GEFJ4.32015.T_CTRL_BOX3,91#风机轮毂轴承3控制柜温度
35,\\172.16.10.1\c$\VisuPro\156005001\SecAna.db,CHAN_070,GEFJ4.32015.T_BAT_BOX3,91#风机电池柜3温度
36,\\172.16.10.1\c$\VisuPro\156005001\SecAna.db,CHAN_072,GEFJ4.32015.T_HUB,91#风机轮毂温度
37,\\172.16.10.1\c$\VisuPro\156005001\StatDat.db,PROD,GEFJ4.32015.PROD,91#风机发电量
38,\\172.16.10.1\c$\VisuPro\156005001\StatDat.db,OTT,GEFJ4.32015.OTT,91#风机并网发电时间
39,\\172.16.10.1\c$\VisuPro\156005001\ErrDev.db,StatusNumber,GEFJ4.32015.STATE,91#风机风机状态
40,\\172.16.10.1\c$\VisuPro\156005001\SecAna.db,CHAN_022,GEFJ4.32015.BL2_SET_V,91#风机桨距设定角度2
41,\\172.16.10.1\c$\VisuPro\156005001\SecAna.db,CHAN_023,GEFJ4.32015.BL3_SET_V,91#风机桨距设定角度3
42,\\172.16.10.1\c$\VisuPro\156005001\SecAna.db,CHAN_015,GEFJ4.32015.POS_NAC,91#风机机舱位置
43,\\172.16.10.2\c$\VisuPro\156005002\SecAna.db,CHAN_001,GEFJ4.32013.P_ACT,92#风机有功功率
44,\\172.16.10.2\c$\VisuPro\156005002\SecAna.db,CHAN_003,GEFJ4.32013.PF,92#风机性能因素
45,\\172.16.10.2\c$\VisuPro\156005002\SecAna.db,CHAN_004,GEFJ4.32013.Q,92#风机无功
46,\\172.16.10.2\c$\VisuPro\156005002\SecAna.db,CHAN_005,GEFJ4.32013.U_A_N,92#风机A相电压
47,\\172.16.10.2\c$\VisuPro\156005002\SecAna.db,CHAN_006,GEFJ4.32013.U_B_N,92#风机B相电压
48,\\172.16.10.2\c$\VisuPro\156005002\SecAna.db,CHAN_007,GEFJ4.32013.U_C_N,92#风机C相电压
49,\\172.16.10.2\c$\VisuPro\156005002\SecAna.db,CHAN_008,GEFJ4.32013.I_A,92#风机A相电流
50,\\172.16.10.2\c$\VisuPro\156005002\SecAna.db,CHAN_009,GEFJ4.32013.I_B,92#风机B相电流
51,\\172.16.10.2\c$\VisuPro\156005002\SecAna.db,CHAN_010,GEFJ4.32013.I_C,92#风机C相电流
52,\\172.16.10.2\c$\VisuPro\156005002\SecAna.db,CHAN_011,GEFJ4.32013.N_GEN_CCU,92#风机发电机转速
53,\\172.16.10.2\c$\VisuPro\156005002\SecAna.db,CHAN_012,GEFJ4.32013.N_ROT_PLC,92#风机叶轮转速
54,\\172.16.10.2\c$\VisuPro\156005002\SecAna.db,CHAN_013,GEFJ4.32013.BL1_ACT,92#风机桨距角度1
55,\\172.16.10.2\c$\VisuPro\156005002\SecAna.db,CHAN_014,GEFJ4.32013.V_WIN,92#风机风速
56,\\172.16.10.2\c$\VisuPro\156005002\SecAna.db,CHAN_017,GEFJ4.32013.N_GEN_PLC,92#风机发电机PLC转速
57,\\172.16.10.2\c$\VisuPro\156005002\SecAna.db,CHAN_019,GEFJ4.32013.BL2_ACT,92#风机桨距角度2
58,\\172.16.10.2\c$\VisuPro\156005002\SecAna.db,CHAN_020,GEFJ4.32013.BL3_ACT,92#风机桨距角度3
59,\\172.16.10.2\c$\VisuPro\156005002\SecAna.db,CHAN_021,GEFJ4.32013.BL1_SET_V,92#风机桨距设定角度
60,\\172.16.10.2\c$\VisuPro\156005002\SecAna.db,CHAN_032,GEFJ4.32013.T_GEN_1,92#风机发电机1温度
61,\\172.16.10.2\c$\VisuPro\156005002\SecAna.db,CHAN_033,GEFJ4.32013.T_GEN_2,92#风机发电机2温度
62,\\172.16.10.2\c$\VisuPro\156005002\SecAna.db,CHAN_034,GEFJ4.32013.T_BEAR_A,92#风机轴承A温度
63,\\172.16.10.2\c$\VisuPro\156005002\SecAna.db,CHAN_035,GEFJ4.32013.T_BEAR_B,92#风机轴承B温度
64,\\172.16.10.2\c$\VisuPro\156005002\SecAna.db,CHAN_036,GEFJ4.32013.T_GEAR,92#风机齿轮箱温度
65,\\172.16.10.2\c$\VisuPro\156005002\SecAna.db,CHAN_037,GEFJ4.32013.T_AMB,92#风机环境温度
66,\\172.16.10.2\c$\VisuPro\156005002\SecAna.db,CHAN_038,GEFJ4.32013.T_NAC,92#风机机舱温度
67,\\172.16.10.2\c$\VisuPro\156005002\SecAna.db,CHAN_040,GEFJ4.32013.T_GEAR_BEAR,92#风机齿轮箱轴承温度
68,\\172.16.10.2\c$\VisuPro\156005002\SecAna.db,CHAN_056,GEFJ4.32013.HYD_PRES,92#风机液压
69,\\172.16.10.2\c$\VisuPro\156005002\SecAna.db,CHAN_061,GEFJ4.32013.T_MAIN_BOX,92#风机主控柜温度
70,\\172.16.10.2\c$\VisuPro\156005002\SecAna.db,CHAN_062,GEFJ4.32013.T_TOP_BOX,92#风机顶部控制柜温度
71,\\172.16.10.2\c$\VisuPro\156005002\SecAna.db,CHAN_063,GEFJ4.32013.T_CTRL_BOX,92#风机轮毂控制柜温度
72,\\172.16.10.2\c$\VisuPro\156005002\SecAna.db,CHAN_064,GEFJ4.32013.T_CTRL_BOX1,92#风机轮毂轴承1控制柜温度
73,\\172.16.10.2\c$\VisuPro\156005002\SecAna.db,CHAN_065,GEFJ4.32013.T_BAT_BOX1,92#风机电池柜1温度
74,\\172.16.10.2\c$\VisuPro\156005002\SecAna.db,CHAN_066,GEFJ4.32013.T_CTRL_BOX2,92#风机轮毂轴承2控制柜温度
75,\\172.16.10.2\c$\VisuPro\156005002\SecAna.db,CHAN_067,GEFJ4.32013.T_BAT_BOX2,92#风机电池柜2温度
76,\\172.16.10.2\c$\VisuPro\156005002\SecAna.db,CHAN_068,GEFJ4.32013.T_CTRL_BOX3,92#风机轮毂轴承3控制柜温度
77,\\172.16.10.2\c$\VisuPro\156005002\SecAna.db,CHAN_070,GEFJ4.32013.T_BAT_BOX3,92#风机电池柜3温度
78,\\172.16.10.2\c$\VisuPro\156005002\SecAna.db,CHAN_072,GEFJ4.32013.T_HUB,92#风机轮毂温度
79,\\172.16.10.2\c$\VisuPro\156005002\StatDat.db,PROD,GEFJ4.32013.PROD,92#风机发电量
80,\\172.16.10.2\c$\VisuPro\156005002\StatDat.db,OTT,GEFJ4.32013.OTT,92#风机并网发电时间
81,\\172.16.10.2\c$\VisuPro\156005002\ErrDev.db,StatusNumber,GEFJ4.32013.STATE,92#风机风机状态
82,\\172.16.10.2\c$\VisuPro\156005002\SecAna.db,CHAN_022,GEFJ4.32013.BL2_SET_V,92#风机桨距设定角度2
83,\\172.16.10.2\c$\VisuPro\156005002\SecAna.db,CHAN_023,GEFJ4.32013.BL3_SET_V,92#风机桨距设定角度3
84,\\172.16.10.2\c$\VisuPro\156005002\SecAna.db,CHAN_015,GEFJ4.32013.POS_NAC,92#风机机舱位置
85,\\172.16.10.3\c$\VisuPro\156005003\SecAna.db,CHAN_001,GEFJ4.32014.P_ACT,93#风机有功功率
86,\\172.16.10.3\c$\VisuPro\156005003\SecAna.db,CHAN_003,GEFJ4.32014.PF,93#风机性能因素
87,\\172.16.10.3\c$\VisuPro\156005003\SecAna.db,CHAN_004,GEFJ4.32014.Q,93#风机无功
88,\\172.16.10.3\c$\VisuPro\156005003\SecAna.db,CHAN_005,GEFJ4.32014.U_A_N,93#风机A相电压
89,\\172.16.10.3\c$\VisuPro\156005003\SecAna.db,CHAN_006,GEFJ4.32014.U_B_N,93#风机B相电压
90,\\172.16.10.3\c$\VisuPro\156005003\SecAna.db,CHAN_007,GEFJ4.32014.U_C_N,93#风机C相电压
91,\\172.16.10.3\c$\VisuPro\156005003\SecAna.db,CHAN_008,GEFJ4.32014.I_A,93#风机A相电流
92,\\172.16.10.3\c$\VisuPro\156005003\SecAna.db,CHAN_009,GEFJ4.32014.I_B,93#风机B相电流
93,\\172.16.10.3\c$\VisuPro\156005003\SecAna.db,CHAN_010,GEFJ4.32014.I_C,93#风机C相电流
94,\\172.16.10.3\c$\VisuPro\156005003\SecAna.db,CHAN_011,GEFJ4.32014.N_GEN_CCU,93#风机发电机转速
95,\\172.16.10.3\c$\VisuPro\156005003\SecAna.db,CHAN_012,GEFJ4.32014.N_ROT_PLC,93#风机叶轮转速
96,\\172.16.10.3\c$\VisuPro\156005003\SecAna.db,CHAN_013,GEFJ4.32014.BL1_ACT,93#风机桨距角度1
97,\\172.16.10.3\c$\VisuPro\156005003\SecAna.db,CHAN_014,GEFJ4.32014.V_WIN,93#风机风速
98,\\172.16.10.3\c$\VisuPro\156005003\SecAna.db,CHAN_017,GEFJ4.32014.N_GEN_PLC,93#风机发电机PLC转速
99,\\172.16.10.3\c$\VisuPro\156005003\SecAna.db,CHAN_019,GEFJ4.32014.BL2_ACT,93#风机桨距角度2
100,\\172.16.10.3\c$\VisuPro\156005003\SecAna.db,CHAN_020,GEFJ4.32014.BL3_ACT,93#风机桨距角度3
101,\\172.16.10.3\c$\VisuPro\156005003\SecAna.db,CHAN_021,GEFJ4.32014.BL1_SET_V,93#风机桨距设定角度
102,\\172.16.10.3\c$\VisuPro\156005003\SecAna.db,CHAN_032,GEFJ4.32014.T_GEN_1,93#风机发电机1温度
103,\\172.16.10.3\c$\VisuPro\156005003\SecAna.db,CHAN_033,GEFJ4.32014.T_GEN_2,93#风机发电机2温度
104,\\172.16.10.3\c$\VisuPro\156005003\SecAna.db,CHAN_034,GEFJ4.32014.T_BEAR_A,93#风机轴承A温度
105,\\172.16.10.3\c$\VisuPro\156005003\SecAna.db,CHAN_035,GEFJ4.32014.T_BEAR_B,93#风机轴承B温度
106,\\172.16.10.3\c$\VisuPro\156005003\SecAna.db,CHAN_036,GEFJ4.32014.T_GEAR,93#风机齿轮箱温度
107,\\172.16.10.3\c$\VisuPro\156005003\SecAna.db,CHAN_037,GEFJ4.32014.T_AMB,93#风机环境温度
108,\\172.16.10.3\c$\VisuPro\156005003\SecAna.db,CHAN_038,GEFJ4.32014.T_NAC,93#风机机舱温度
109,\\172.16.10.3\c$\VisuPro\156005003\SecAna.db,CHAN_040,GEFJ4.32014.T_GEAR_BEAR,93#风机齿轮箱轴承温度
110,\\172.16.10.3\c$\VisuPro\156005003\SecAna.db,CHAN_056,GEFJ4.32014.HYD_PRES,93#风机液压
111,\\172.16.10.3\c$\VisuPro\156005003\SecAna.db,CHAN_061,GEFJ4.32014.T_MAIN_BOX,93#风机主控柜温度
112,\\172.16.10.3\c$\VisuPro\156005003\SecAna.db,CHAN_062,GEFJ4.32014.T_TOP_BOX,93#风机顶部控制柜温度
113,\\172.16.10.3\c$\VisuPro\156005003\SecAna.db,CHAN_063,GEFJ4.32014.T_CTRL_BOX,93#风机轮毂控制柜温度
114,\\172.16.10.3\c$\VisuPro\156005003\SecAna.db,CHAN_064,GEFJ4.32014.T_CTRL_BOX1,93#风机轮毂轴承1控制柜温度
115,\\172.16.10.3\c$\VisuPro\156005003\SecAna.db,CHAN_065,GEFJ4.32014.T_BAT_BOX1,93#风机电池柜1温度
116,\\172.16.10.3\c$\VisuPro\156005003\SecAna.db,CHAN_066,GEFJ4.32014.T_CTRL_BOX2,93#风机轮毂轴承2控制柜温度
117,\\172.16.10.3\c$\VisuPro\156005003\SecAna.db,CHAN_067,GEFJ4.32014.T_BAT_BOX2,93#风机电池柜2温度
118,\\172.16.10.3\c$\VisuPro\156005003\SecAna.db,CHAN_068,GEFJ4.32014.T_CTRL_BOX3,93#风机轮毂轴承3控制柜温度
119,\\172.16.10.3\c$\VisuPro\156005003\SecAna.db,CHAN_070,GEFJ4.32014.T_BAT_BOX3,93#风机电池柜3温度
120,\\172.16.10.3\c$\VisuPro\156005003\SecAna.db,CHAN_072,GEFJ4.32014.T_HUB,93#风机轮毂温度
121,\\172.16.10.3\c$\VisuPro\156005003\StatDat.db,PROD,GEFJ4.32014.PROD,93#风机发电量
122,\\172.16.10.3\c$\VisuPro\156005003\StatDat.db,OTT,GEFJ4.32014.OTT,93#风机并网发电时间
123,\\172.16.10.3\c$\VisuPro\156005003\ErrDev.db,StatusNumber,GEFJ4.32014.STATE,93#风机风机状态
124,\\172.16.10.3\c$\VisuPro\156005003\SecAna.db,CHAN_022,GEFJ4.32014.BL2_SET_V,93#风机桨距设定角度2
125,\\172.16.10.3\c$\VisuPro\156005003\SecAna.db,CHAN_023,GEFJ4.32014.BL3_SET_V,93#风机桨距设定角度3
126,\\172.16.10.3\c$\VisuPro\156005003\SecAna.db,CHAN_015,GEFJ4.32014.POS_NAC,93#风机机舱位置
127,\\172.16.10.4\c$\VisuPro\156005004\SecAna.db,CHAN_001,GEFJ4.32011.P_ACT,94#风机有功功率
128,\\172.16.10.4\c$\VisuPro\156005004\SecAna.db,CHAN_003,GEFJ4.32011.PF,94#风机性能因素
129,\\172.16.10.4\c$\VisuPro\156005004\SecAna.db,CHAN_004,GEFJ4.32011.Q,94#风机无功
130,\\172.16.10.4\c$\VisuPro\156005004\SecAna.db,CHAN_005,GEFJ4.32011.U_A_N,94#风机A相电压
131,\\172.16.10.4\c$\VisuPro\156005004\SecAna.db,CHAN_006,GEFJ4.32011.U_B_N,94#风机B相电压
132,\\172.16.10.4\c$\VisuPro\156005004\SecAna.db,CHAN_007,GEFJ4.32011.U_C_N,94#风机C相电压
133,\\172.16.10.4\c$\VisuPro\156005004\SecAna.db,CHAN_008,GEFJ4.32011.I_A,94#风机A相电流
134,\\172.16.10.4\c$\VisuPro\156005004\SecAna.db,CHAN_009,GEFJ4.32011.I_B,94#风机B相电流
135,\\172.16.10.4\c$\VisuPro\156005004\SecAna.db,CHAN_010,GEFJ4.32011.I_C,94#风机C相电流
136,\\172.16.10.4\c$\VisuPro\156005004\SecAna.db,CHAN_011,GEFJ4.32011.N_GEN_CCU,94#风机发电机转速
137,\\172.16.10.4\c$\VisuPro\156005004\SecAna.db,CHAN_012,GEFJ4.32011.N_ROT_PLC,94#风机叶轮转速
138,\\172.16.10.4\c$\VisuPro\156005004\SecAna.db,CHAN_013,GEFJ4.32011.BL1_ACT,94#风机桨距角度1
139,\\172.16.10.4\c$\VisuPro\156005004\SecAna.db,CHAN_014,GEFJ4.32011.V_WIN,94#风机风速
140,\\172.16.10.4\c$\VisuPro\156005004\SecAna.db,CHAN_017,GEFJ4.32011.N_GEN_PLC,94#风机发电机PLC转速
141,\\172.16.10.4\c$\VisuPro\156005004\SecAna.db,CHAN_019,GEFJ4.32011.BL2_ACT,94#风机桨距角度2
142,\\172.16.10.4\c$\VisuPro\156005004\SecAna.db,CHAN_020,GEFJ4.32011.BL3_ACT,94#风机桨距角度3
143,\\172.16.10.4\c$\VisuPro\156005004\SecAna.db,CHAN_021,GEFJ4.32011.BL1_SET_V,94#风机桨距设定角度
144,\\172.16.10.4\c$\VisuPro\156005004\SecAna.db,CHAN_032,GEFJ4.32011.T_GEN_1,94#风机发电机1温度
145,\\172.16.10.4\c$\VisuPro\156005004\SecAna.db,CHAN_033,GEFJ4.32011.T_GEN_2,94#风机发电机2温度
146,\\172.16.10.4\c$\VisuPro\156005004\SecAna.db,CHAN_034,GEFJ4.32011.T_BEAR_A,94#风机轴承A温度
147,\\172.16.10.4\c$\VisuPro\156005004\SecAna.db,CHAN_035,GEFJ4.32011.T_BEAR_B,94#风机轴承B温度
148,\\172.16.10.4\c$\VisuPro\156005004\SecAna.db,CHAN_036,GEFJ4.32011.T_GEAR,94#风机齿轮箱温度
149,\\172.16.10.4\c$\VisuPro\156005004\SecAna.db,CHAN_037,GEFJ4.32011.T_AMB,94#风机环境温度
150,\\172.16.10.4\c$\VisuPro\156005004\SecAna.db,CHAN_038,GEFJ4.32011.T_NAC,94#风机机舱温度
151,\\172.16.10.4\c$\VisuPro\156005004\SecAna.db,CHAN_040,GEFJ4.32011.T_GEAR_BEAR,94#风机齿轮箱轴承温度
152,\\172.16.10.4\c$\VisuPro\156005004\SecAna.db,CHAN_056,GEFJ4.32011.HYD_PRES,94#风机液压
153,\\172.16.10.4\c$\VisuPro\156005004\SecAna.db,CHAN_061,GEFJ4.32011.T_MAIN_BOX,94#风机主控柜温度
154,\\172.16.10.4\c$\VisuPro\156005004\SecAna.db,CHAN_062,GEFJ4.32011.T_TOP_BOX,94#风机顶部控制柜温度
155,\\172.16.10.4\c$\VisuPro\156005004\SecAna.db,CHAN_063,GEFJ4.32011.T_CTRL_BOX,94#风机轮毂控制柜温度
156,\\172.16.10.4\c$\VisuPro\156005004\SecAna.db,CHAN_064,GEFJ4.32011.T_CTRL_BOX1,94#风机轮毂轴承1控制柜温度
157,\\172.16.10.4\c$\VisuPro\156005004\SecAna.db,CHAN_065,GEFJ4.32011.T_BAT_BOX1,94#风机电池柜1温度
158,\\172.16.10.4\c$\VisuPro\156005004\SecAna.db,CHAN_066,GEFJ4.32011.T_CTRL_BOX2,94#风机轮毂轴承2控制柜温度
159,\\172.16.10.4\c$\VisuPro\156005004\SecAna.db,CHAN_067,GEFJ4.32011.T_BAT_BOX2,94#风机电池柜2温度
160,\\172.16.10.4\c$\VisuPro\156005004\SecAna.db,CHAN_068,GEFJ4.32011.T_CTRL_BOX3,94#风机轮毂轴承3控制柜温度
161,\\172.16.10.4\c$\VisuPro\156005004\SecAna.db,CHAN_070,GEFJ4.32011.T_BAT_BOX3,94#风机电池柜3温度
162,\\172.16.10.4\c$\VisuPro\156005004\SecAna.db,CHAN_072,GEFJ4.32011.T_HUB,94#风机轮毂温度
163,\\172.16.10.4\c$\VisuPro\156005004\StatDat.db,PROD,GEFJ4.32011.PROD,94#风机发电量
164,\\172.16.10.4\c$\VisuPro\156005004\StatDat.db,OTT,GEFJ4.32011.OTT,94#风机并网发电时间
165,\\172.16.10.4\c$\VisuPro\156005004\ErrDev.db,StatusNumber,GEFJ4.32011.STATE,94#风机风机状态
166,\\172.16.10.4\c$\VisuPro\156005004\SecAna.db,CHAN_022,GEFJ4.32011.BL2_SET_V,94#风机桨距设定角度2
167,\\172.16.10.4\c$\VisuPro\156005004\SecAna.db,CHAN_023,GEFJ4.32011.BL3_SET_V,94#风机桨距设定角度3
168,\\172.16.10.4\c$\VisuPro\156005004\SecAna.db,CHAN_015,GEFJ4.32011.POS_NAC,94#风机机舱位置
169,\\172.16.10.5\c$\VisuPro\156005005\SecAna.db,CHAN_001,GEFJ4.32012.P_ACT,95#风机有功功率
170,\\172.16.10.5\c$\VisuPro\156005005\SecAna.db,CHAN_003,GEFJ4.32012.PF,95#风机性能因素
171,\\172.16.10.5\c$\VisuPro\156005005\SecAna.db,CHAN_004,GEFJ4.32012.Q,95#风机无功
172,\\172.16.10.5\c$\VisuPro\156005005\SecAna.db,CHAN_005,GEFJ4.32012.U_A_N,95#风机A相电压
173,\\172.16.10.5\c$\VisuPro\156005005\SecAna.db,CHAN_006,GEFJ4.32012.U_B_N,95#风机B相电压
174,\\172.16.10.5\c$\VisuPro\156005005\SecAna.db,CHAN_007,GEFJ4.32012.U_C_N,95#风机C相电压
175,\\172.16.10.5\c$\VisuPro\156005005\SecAna.db,CHAN_008,GEFJ4.32012.I_A,95#风机A相电流
176,\\172.16.10.5\c$\VisuPro\156005005\SecAna.db,CHAN_009,GEFJ4.32012.I_B,95#风机B相电流
177,\\172.16.10.5\c$\VisuPro\156005005\SecAna.db,CHAN_010,GEFJ4.32012.I_C,95#风机C相电流
178,\\172.16.10.5\c$\VisuPro\156005005\SecAna.db,CHAN_011,GEFJ4.32012.N_GEN_CCU,95#风机发电机转速
179,\\172.16.10.5\c$\VisuPro\156005005\SecAna.db,CHAN_012,GEFJ4.32012.N_ROT_PLC,95#风机叶轮转速
180,\\172.16.10.5\c$\VisuPro\156005005\SecAna.db,CHAN_013,GEFJ4.32012.BL1_ACT,95#风机桨距角度1
181,\\172.16.10.5\c$\VisuPro\156005005\SecAna.db,CHAN_014,GEFJ4.32012.V_WIN,95#风机风速
182,\\172.16.10.5\c$\VisuPro\156005005\SecAna.db,CHAN_017,GEFJ4.32012.N_GEN_PLC,95#风机发电机PLC转速
183,\\172.16.10.5\c$\VisuPro\156005005\SecAna.db,CHAN_019,GEFJ4.32012.BL2_ACT,95#风机桨距角度2
184,\\172.16.10.5\c$\VisuPro\156005005\SecAna.db,CHAN_020,GEFJ4.32012.BL3_ACT,95#风机桨距角度3
185,\\172.16.10.5\c$\VisuPro\156005005\SecAna.db,CHAN_021,GEFJ4.32012.BL1_SET_V,95#风机桨距设定角度
186,\\172.16.10.5\c$\VisuPro\156005005\SecAna.db,CHAN_032,GEFJ4.32012.T_GEN_1,95#风机发电机1温度
187,\\172.16.10.5\c$\VisuPro\156005005\SecAna.db,CHAN_033,GEFJ4.32012.T_GEN_2,95#风机发电机2温度
188,\\172.16.10.5\c$\VisuPro\156005005\SecAna.db,CHAN_034,GEFJ4.32012.T_BEAR_A,95#风机轴承A温度
189,\\172.16.10.5\c$\VisuPro\156005005\SecAna.db,CHAN_035,GEFJ4.32012.T_BEAR_B,95#风机轴承B温度
190,\\172.16.10.5\c$\VisuPro\156005005\SecAna.db,CHAN_036,GEFJ4.32012.T_GEAR,95#风机齿轮箱温度
191,\\172.16.10.5\c$\VisuPro\156005005\SecAna.db,CHAN_037,GEFJ4.32012.T_AMB,95#风机环境温度
192,\\172.16.10.5\c$\VisuPro\156005005\SecAna.db,CHAN_038,GEFJ4.32012.T_NAC,95#风机机舱温度
193,\\172.16.10.5\c$\VisuPro\156005005\SecAna.db,CHAN_040,GEFJ4.32012.T_GEAR_BEAR,95#风机齿轮箱轴承温度
194,\\172.16.10.5\c$\VisuPro\156005005\SecAna.db,CHAN_056,GEFJ4.32012.HYD_PRES,95#风机液压
195,\\172.16.10.5\c$\VisuPro\156005005\SecAna.db,CHAN_061,GEFJ4.32012.T_MAIN_BOX,95#风机主控柜温度
196,\\172.16.10.5\c$\VisuPro\156005005\SecAna.db,CHAN_062,GEFJ4.32012.T_TOP_BOX,95#风机顶部控制柜温度
197,\\172.16.10.5\c$\VisuPro\156005005\SecAna.db,CHAN_063,GEFJ4.32012.T_CTRL_BOX,95#风机轮毂控制柜温度
198,\\172.16.10.5\c$\VisuPro\156005005\SecAna.db,CHAN_064,GEFJ4.32012.T_CTRL_BOX1,95#风机轮毂轴承1控制柜温度
199,\\172.16.10.5\c$\VisuPro\156005005\SecAna.db,CHAN_065,GEFJ4.32012.T_BAT_BOX1,95#风机电池柜1温度
200,\\172.16.10.5\c$\VisuPro\156005005\SecAna.db,CHAN_066,GEFJ4.32012.T_CTRL_BOX2,95#风机轮毂轴承2控制柜温度
201,\\172.16.10.5\c$\VisuPro\156005005\SecAna.db,CHAN_067,GEFJ4.32012.T_BAT_BOX2,95#风机电池柜2温度
202,\\172.16.10.5\c$\VisuPro\156005005\SecAna.db,CHAN_068,GEFJ4.32012.T_CTRL_BOX3,95#风机轮毂轴承3控制柜温度
203,\\172.16.10.5\c$\VisuPro\156005005\SecAna.db,CHAN_070,GEFJ4.32012.T_BAT_BOX3,95#风机电池柜3温度
204,\\172.16.10.5\c$\VisuPro\156005005\SecAna.db,CHAN_072,GEFJ4.32012.T_HUB,95#风机轮毂温度
205,\\172.16.10.5\c$\VisuPro\156005005\StatDat.db,PROD,GEFJ4.32012.PROD,95#风机发电量
206,\\172.16.10.5\c$\VisuPro\156005005\StatDat.db,OTT,GEFJ4.32012.OTT,95#风机并网发电时间
207,\\172.16.10.5\c$\VisuPro\156005005\ErrDev.db,StatusNumber,GEFJ4.32012.STATE,95#风机风机状态
208,\\172.16.10.5\c$\VisuPro\156005005\SecAna.db,CHAN_022,GEFJ4.32012.BL2_SET_V,95#风机桨距设定角度2
209,\\172.16.10.5\c$\VisuPro\156005005\SecAna.db,CHAN_023,GEFJ4.32012.BL3_SET_V,95#风机桨距设定角度3
210,\\172.16.10.5\c$\VisuPro\156005005\SecAna.db,CHAN_015,GEFJ4.32012.POS_NAC,95#风机机舱位置
211,\\172.16.10.6\c$\VisuPro\156005006\SecAna.db,CHAN_001,GEFJ4.32007.P_ACT,96#风机有功功率
212,\\172.16.10.6\c$\VisuPro\156005006\SecAna.db,CHAN_003,GEFJ4.32007.PF,96#风机性能因素
213,\\172.16.10.6\c$\VisuPro\156005006\SecAna.db,CHAN_004,GEFJ4.32007.Q,96#风机无功
214,\\172.16.10.6\c$\VisuPro\156005006\SecAna.db,CHAN_005,GEFJ4.32007.U_A_N,96#风机A相电压
215,\\172.16.10.6\c$\VisuPro\156005006\SecAna.db,CHAN_006,GEFJ4.32007.U_B_N,96#风机B相电压
216,\\172.16.10.6\c$\VisuPro\156005006\SecAna.db,CHAN_007,GEFJ4.32007.U_C_N,96#风机C相电压
217,\\172.16.10.6\c$\VisuPro\156005006\SecAna.db,CHAN_008,GEFJ4.32007.I_A,96#风机A相电流
218,\\172.16.10.6\c$\VisuPro\156005006\SecAna.db,CHAN_009,GEFJ4.32007.I_B,96#风机B相电流
219,\\172.16.10.6\c$\VisuPro\156005006\SecAna.db,CHAN_010,GEFJ4.32007.I_C,96#风机C相电流
220,\\172.16.10.6\c$\VisuPro\156005006\SecAna.db,CHAN_011,GEFJ4.32007.N_GEN_CCU,96#风机发电机转速
221,\\172.16.10.6\c$\VisuPro\156005006\SecAna.db,CHAN_012,GEFJ4.32007.N_ROT_PLC,96#风机叶轮转速
222,\\172.16.10.6\c$\VisuPro\156005006\SecAna.db,CHAN_013,GEFJ4.32007.BL1_ACT,96#风机桨距角度1
223,\\172.16.10.6\c$\VisuPro\156005006\SecAna.db,CHAN_014,GEFJ4.32007.V_WIN,96#风机风速
224,\\172.16.10.6\c$\VisuPro\156005006\SecAna.db,CHAN_017,GEFJ4.32007.N_GEN_PLC,96#风机发电机PLC转速
225,\\172.16.10.6\c$\VisuPro\156005006\SecAna.db,CHAN_019,GEFJ4.32007.BL2_ACT,96#风机桨距角度2
226,\\172.16.10.6\c$\VisuPro\156005006\SecAna.db,CHAN_020,GEFJ4.32007.BL3_ACT,96#风机桨距角度3
227,\\172.16.10.6\c$\VisuPro\156005006\SecAna.db,CHAN_021,GEFJ4.32007.BL1_SET_V,96#风机桨距设定角度
228,\\172.16.10.6\c$\VisuPro\156005006\SecAna.db,CHAN_032,GEFJ4.32007.T_GEN_1,96#风机发电机1温度
229,\\172.16.10.6\c$\VisuPro\156005006\SecAna.db,CHAN_033,GEFJ4.32007.T_GEN_2,96#风机发电机2温度
230,\\172.16.10.6\c$\VisuPro\156005006\SecAna.db,CHAN_034,GEFJ4.32007.T_BEAR_A,96#风机轴承A温度
231,\\172.16.10.6\c$\VisuPro\156005006\SecAna.db,CHAN_035,GEFJ4.32007.T_BEAR_B,96#风机轴承B温度
232,\\172.16.10.6\c$\VisuPro\156005006\SecAna.db,CHAN_036,GEFJ4.32007.T_GEAR,96#风机齿轮箱温度
233,\\172.16.10.6\c$\VisuPro\156005006\SecAna.db,CHAN_037,GEFJ4.32007.T_AMB,96#风机环境温度
234,\\172.16.10.6\c$\VisuPro\156005006\SecAna.db,CHAN_038,GEFJ4.32007.T_NAC,96#风机机舱温度
235,\\172.16.10.6\c$\VisuPro\156005006\SecAna.db,CHAN_040,GEFJ4.32007.T_GEAR_BEAR,96#风机齿轮箱轴承温度
236,\\172.16.10.6\c$\VisuPro\156005006\SecAna.db,CHAN_056,GEFJ4.32007.HYD_PRES,96#风机液压
237,\\172.16.10.6\c$\VisuPro\156005006\SecAna.db,CHAN_061,GEFJ4.32007.T_MAIN_BOX,96#风机主控柜温度
238,\\172.16.10.6\c$\VisuPro\156005006\SecAna.db,CHAN_062,GEFJ4.32007.T_TOP_BOX,96#风机顶部控制柜温度
239,\\172.16.10.6\c$\VisuPro\156005006\SecAna.db,CHAN_063,GEFJ4.32007.T_CTRL_BOX,96#风机轮毂控制柜温度
240,\\172.16.10.6\c$\VisuPro\156005006\SecAna.db,CHAN_064,GEFJ4.32007.T_CTRL_BOX1,96#风机轮毂轴承1控制柜温度
241,\\172.16.10.6\c$\VisuPro\156005006\SecAna.db,CHAN_065,GEFJ4.32007.T_BAT_BOX1,96#风机电池柜1温度
242,\\172.16.10.6\c$\VisuPro\156005006\SecAna.db,CHAN_066,GEFJ4.32007.T_CTRL_BOX2,96#风机轮毂轴承2控制柜温度
243,\\172.16.10.6\c$\VisuPro\156005006\SecAna.db,CHAN_067,GEFJ4.32007.T_BAT_BOX2,96#风机电池柜2温度
244,\\172.16.10.6\c$\VisuPro\156005006\SecAna.db,CHAN_068,GEFJ4.32007.T_CTRL_BOX3,96#风机轮毂轴承3控制柜温度
245,\\172.16.10.6\c$\VisuPro\156005006\SecAna.db,CHAN_070,GEFJ4.32007.T_BAT_BOX3,96#风机电池柜3温度
246,\\172.16.10.6\c$\VisuPro\156005006\SecAna.db,CHAN_072,GEFJ4.32007.T_HUB,96#风机轮毂温度
247,\\172.16.10.6\c$\VisuPro\156005006\StatDat.db,PROD,GEFJ4.32007.PROD,96#风机发电量
248,\\172.16.10.6\c$\VisuPro\156005006\StatDat.db,OTT,GEFJ4.32007.OTT,96#风机并网发电时间
249,\\172.16.10.6\c$\VisuPro\156005006\ErrDev.db,StatusNumber,GEFJ4.32007.STATE,96#风机风机状态
250,\\172.16.10.6\c$\VisuPro\156005006\SecAna.db,CHAN_022,GEFJ4.32007.BL2_SET_V,96#风机桨距设定角度2
251,\\172.16.10.6\c$\VisuPro\156005006\SecAna.db,CHAN_023,GEFJ4.32007.BL3_SET_V,96#风机桨距设定角度3
252,\\172.16.10.6\c$\VisuPro\156005006\SecAna.db,CHAN_015,GEFJ4.32007.POS_NAC,96#风机机舱位置
253,\\172.16.10.7\c$\VisuPro\156005007\SecAna.db,CHAN_001,GEFJ4.32008.P_ACT,97#风机有功功率
254,\\172.16.10.7\c$\VisuPro\156005007\SecAna.db,CHAN_003,GEFJ4.32008.PF,97#风机性能因素
255,\\172.16.10.7\c$\VisuPro\156005007\SecAna.db,CHAN_004,GEFJ4.32008.Q,97#风机无功
256,\\172.16.10.7\c$\VisuPro\156005007\SecAna.db,CHAN_005,GEFJ4.32008.U_A_N,97#风机A相电压
257,\\172.16.10.7\c$\VisuPro\156005007\SecAna.db,CHAN_006,GEFJ4.32008.U_B_N,97#风机B相电压
258,\\172.16.10.7\c$\VisuPro\156005007\SecAna.db,CHAN_007,GEFJ4.32008.U_C_N,97#风机C相电压
259,\\172.16.10.7\c$\VisuPro\156005007\SecAna.db,CHAN_008,GEFJ4.32008.I_A,97#风机A相电流
260,\\172.16.10.7\c$\VisuPro\156005007\SecAna.db,CHAN_009,GEFJ4.32008.I_B,97#风机B相电流
261,\\172.16.10.7\c$\VisuPro\156005007\SecAna.db,CHAN_010,GEFJ4.32008.I_C,97#风机C相电流
262,\\172.16.10.7\c$\VisuPro\156005007\SecAna.db,CHAN_011,GEFJ4.32008.N_GEN_CCU,97#风机发电机转速
263,\\172.16.10.7\c$\VisuPro\156005007\SecAna.db,CHAN_012,GEFJ4.32008.N_ROT_PLC,97#风机叶轮转速
264,\\172.16.10.7\c$\VisuPro\156005007\SecAna.db,CHAN_013,GEFJ4.32008.BL1_ACT,97#风机桨距角度1
265,\\172.16.10.7\c$\VisuPro\156005007\SecAna.db,CHAN_014,GEFJ4.32008.V_WIN,97#风机风速
266,\\172.16.10.7\c$\VisuPro\156005007\SecAna.db,CHAN_017,GEFJ4.32008.N_GEN_PLC,97#风机发电机PLC转速
267,\\172.16.10.7\c$\VisuPro\156005007\SecAna.db,CHAN_019,GEFJ4.32008.BL2_ACT,97#风机桨距角度2
268,\\172.16.10.7\c$\VisuPro\156005007\SecAna.db,CHAN_020,GEFJ4.32008.BL3_ACT,97#风机桨距角度3
269,\\172.16.10.7\c$\VisuPro\156005007\SecAna.db,CHAN_021,GEFJ4.32008.BL1_SET_V,97#风机桨距设定角度
270,\\172.16.10.7\c$\VisuPro\156005007\SecAna.db,CHAN_032,GEFJ4.32008.T_GEN_1,97#风机发电机1温度
271,\\172.16.10.7\c$\VisuPro\156005007\SecAna.db,CHAN_033,GEFJ4.32008.T_GEN_2,97#风机发电机2温度
272,\\172.16.10.7\c$\VisuPro\156005007\SecAna.db,CHAN_034,GEFJ4.32008.T_BEAR_A,97#风机轴承A温度
273,\\172.16.10.7\c$\VisuPro\156005007\SecAna.db,CHAN_035,GEFJ4.32008.T_BEAR_B,97#风机轴承B温度
274,\\172.16.10.7\c$\VisuPro\156005007\SecAna.db,CHAN_036,GEFJ4.32008.T_GEAR,97#风机齿轮箱温度
275,\\172.16.10.7\c$\VisuPro\156005007\SecAna.db,CHAN_037,GEFJ4.32008.T_AMB,97#风机环境温度
276,\\172.16.10.7\c$\VisuPro\156005007\SecAna.db,CHAN_038,GEFJ4.32008.T_NAC,97#风机机舱温度
277,\\172.16.10.7\c$\VisuPro\156005007\SecAna.db,CHAN_040,GEFJ4.32008.T_GEAR_BEAR,97#风机齿轮箱轴承温度
278,\\172.16.10.7\c$\VisuPro\156005007\SecAna.db,CHAN_056,GEFJ4.32008.HYD_PRES,97#风机液压
279,\\172.16.10.7\c$\VisuPro\156005007\SecAna.db,CHAN_061,GEFJ4.32008.T_MAIN_BOX,97#风机主控柜温度
280,\\172.16.10.7\c$\VisuPro\156005007\SecAna.db,CHAN_062,GEFJ4.32008.T_TOP_BOX,97#风机顶部控制柜温度
281,\\172.16.10.7\c$\VisuPro\156005007\SecAna.db,CHAN_063,GEFJ4.32008.T_CTRL_BOX,97#风机轮毂控制柜温度
282,\\172.16.10.7\c$\VisuPro\156005007\SecAna.db,CHAN_064,GEFJ4.32008.T_CTRL_BOX1,97#风机轮毂轴承1控制柜温度
283,\\172.16.10.7\c$\VisuPro\156005007\SecAna.db,CHAN_065,GEFJ4.32008.T_BAT_BOX1,97#风机电池柜1温度
284,\\172.16.10.7\c$\VisuPro\156005007\SecAna.db,CHAN_066,GEFJ4.32008.T_CTRL_BOX2,97#风机轮毂轴承2控制柜温度
285,\\172.16.10.7\c$\VisuPro\156005007\SecAna.db,CHAN_067,GEFJ4.32008.T_BAT_BOX2,97#风机电池柜2温度
286,\\172.16.10.7\c$\VisuPro\156005007\SecAna.db,CHAN_068,GEFJ4.32008.T_CTRL_BOX3,97#风机轮毂轴承3控制柜温度
287,\\172.16.10.7\c$\VisuPro\156005007\SecAna.db,CHAN_070,GEFJ4.32008.T_BAT_BOX3,97#风机电池柜3温度
288,\\172.16.10.7\c$\VisuPro\156005007\SecAna.db,CHAN_072,GEFJ4.32008.T_HUB,97#风机轮毂温度
289,\\172.16.10.7\c$\VisuPro\156005007\StatDat.db,PROD,GEFJ4.32008.PROD,97#风机发电量
290,\\172.16.10.7\c$\VisuPro\156005007\StatDat.db,OTT,GEFJ4.32008.OTT,97#风机并网发电时间
291,\\172.16.10.7\c$\VisuPro\156005007\ErrDev.db,StatusNumber,GEFJ4.32008.STATE,97#风机风机状态
292,\\172.16.10.7\c$\VisuPro\156005007\SecAna.db,CHAN_022,GEFJ4.32008.BL2_SET_V,97#风机桨距设定角度2
293,\\172.16.10.7\c$\VisuPro\156005007\SecAna.db,CHAN_023,GEFJ4.32008.BL3_SET_V,97#风机桨距设定角度3
294,\\172.16.10.7\c$\VisuPro\156005007\SecAna.db,CHAN_015,GEFJ4.32008.POS_NAC,97#风机机舱位置
295,\\172.16.10.8\c$\VisuPro\156005008\SecAna.db,CHAN_001,GEFJ4.32009.P_ACT,98#风机有功功率
296,\\172.16.10.8\c$\VisuPro\156005008\SecAna.db,CHAN_003,GEFJ4.32009.PF,98#风机性能因素
297,\\172.16.10.8\c$\VisuPro\156005008\SecAna.db,CHAN_004,GEFJ4.32009.Q,98#风机无功
298,\\172.16.10.8\c$\VisuPro\156005008\SecAna.db,CHAN_005,GEFJ4.32009.U_A_N,98#风机A相电压
299,\\172.16.10.8\c$\VisuPro\156005008\SecAna.db,CHAN_006,GEFJ4.32009.U_B_N,98#风机B相电压
300,\\172.16.10.8\c$\VisuPro\156005008\SecAna.db,CHAN_007,GEFJ4.32009.U_C_N,98#风机C相电压
301,\\172.16.10.8\c$\VisuPro\156005008\SecAna.db,CHAN_008,GEFJ4.32009.I_A,98#风机A相电流
302,\\172.16.10.8\c$\VisuPro\156005008\SecAna.db,CHAN_009,GEFJ4.32009.I_B,98#风机B相电流
303,\\172.16.10.8\c$\VisuPro\156005008\SecAna.db,CHAN_010,GEFJ4.32009.I_C,98#风机C相电流
304,\\172.16.10.8\c$\VisuPro\156005008\SecAna.db,CHAN_011,GEFJ4.32009.N_GEN_CCU,98#风机发电机转速
305,\\172.16.10.8\c$\VisuPro\156005008\SecAna.db,CHAN_012,GEFJ4.32009.N_ROT_PLC,98#风机叶轮转速
306,\\172.16.10.8\c$\VisuPro\156005008\SecAna.db,CHAN_013,GEFJ4.32009.BL1_ACT,98#风机桨距角度1
307,\\172.16.10.8\c$\VisuPro\156005008\SecAna.db,CHAN_014,GEFJ4.32009.V_WIN,98#风机风速
308,\\172.16.10.8\c$\VisuPro\156005008\SecAna.db,CHAN_017,GEFJ4.32009.N_GEN_PLC,98#风机发电机PLC转速
309,\\172.16.10.8\c$\VisuPro\156005008\SecAna.db,CHAN_019,GEFJ4.32009.BL2_ACT,98#风机桨距角度2
310,\\172.16.10.8\c$\VisuPro\156005008\SecAna.db,CHAN_020,GEFJ4.32009.BL3_ACT,98#风机桨距角度3
311,\\172.16.10.8\c$\VisuPro\156005008\SecAna.db,CHAN_021,GEFJ4.32009.BL1_SET_V,98#风机桨距设定角度
312,\\172.16.10.8\c$\VisuPro\156005008\SecAna.db,CHAN_032,GEFJ4.32009.T_GEN_1,98#风机发电机1温度
313,\\172.16.10.8\c$\VisuPro\156005008\SecAna.db,CHAN_033,GEFJ4.32009.T_GEN_2,98#风机发电机2温度
314,\\172.16.10.8\c$\VisuPro\156005008\SecAna.db,CHAN_034,GEFJ4.32009.T_BEAR_A,98#风机轴承A温度
315,\\172.16.10.8\c$\VisuPro\156005008\SecAna.db,CHAN_035,GEFJ4.32009.T_BEAR_B,98#风机轴承B温度
316,\\172.16.10.8\c$\VisuPro\156005008\SecAna.db,CHAN_036,GEFJ4.32009.T_GEAR,98#风机齿轮箱温度
317,\\172.16.10.8\c$\VisuPro\156005008\SecAna.db,CHAN_037,GEFJ4.32009.T_AMB,98#风机环境温度
318,\\172.16.10.8\c$\VisuPro\156005008\SecAna.db,CHAN_038,GEFJ4.32009.T_NAC,98#风机机舱温度
319,\\172.16.10.8\c$\VisuPro\156005008\SecAna.db,CHAN_040,GEFJ4.32009.T_GEAR_BEAR,98#风机齿轮箱轴承温度
320,\\172.16.10.8\c$\VisuPro\156005008\SecAna.db,CHAN_056,GEFJ4.32009.HYD_PRES,98#风机液压
321,\\172.16.10.8\c$\VisuPro\156005008\SecAna.db,CHAN_061,GEFJ4.32009.T_MAIN_BOX,98#风机主控柜温度
322,\\172.16.10.8\c$\VisuPro\156005008\SecAna.db,CHAN_062,GEFJ4.32009.T_TOP_BOX,98#风机顶部控制柜温度
323,\\172.16.10.8\c$\VisuPro\156005008\SecAna.db,CHAN_063,GEFJ4.32009.T_CTRL_BOX,98#风机轮毂控制柜温度
324,\\172.16.10.8\c$\VisuPro\156005008\SecAna.db,CHAN_064,GEFJ4.32009.T_CTRL_BOX1,98#风机轮毂轴承1控制柜温度
325,\\172.16.10.8\c$\VisuPro\156005008\SecAna.db,CHAN_065,GEFJ4.32009.T_BAT_BOX1,98#风机电池柜1温度
326,\\172.16.10.8\c$\VisuPro\156005008\SecAna.db,CHAN_066,GEFJ4.32009.T_CTRL_BOX2,98#风机轮毂轴承2控制柜温度
327,\\172.16.10.8\c$\VisuPro\156005008\SecAna.db,CHAN_067,GEFJ4.32009.T_BAT_BOX2,98#风机电池柜2温度
328,\\172.16.10.8\c$\VisuPro\156005008\SecAna.db,CHAN_068,GEFJ4.32009.T_CTRL_BOX3,98#风机轮毂轴承3控制柜温度
329,\\172.16.10.8\c$\VisuPro\156005008\SecAna.db,CHAN_070,GEFJ4.32009.T_BAT_BOX3,98#风机电池柜3温度
330,\\172.16.10.8\c$\VisuPro\156005008\SecAna.db,CHAN_072,GEFJ4.32009.T_HUB,98#风机轮毂温度
331,\\172.16.10.8\c$\VisuPro\156005008\StatDat.db,PROD,GEFJ4.32009.PROD,98#风机发电量
332,\\172.16.10.8\c$\VisuPro\156005008\StatDat.db,OTT,GEFJ4.32009.OTT,98#风机并网发电时间
333,\\172.16.10.8\c$\VisuPro\156005008\ErrDev.db,StatusNumber,GEFJ4.32009.STATE,98#风机风机状态
334,\\172.16.10.8\c$\VisuPro\156005008\SecAna.db,CHAN_022,GEFJ4.32009.BL2_SET_V,98#风机桨距设定角度2
335,\\172.16.10.8\c$\VisuPro\156005008\SecAna.db,CHAN_023,GEFJ4.32009.BL3_SET_V,98#风机桨距设定角度3
336,\\172.16.10.8\c$\VisuPro\156005008\SecAna.db,CHAN_015,GEFJ4.32009.POS_NAC,98#风机机舱位置
337,\\172.16.10.9\c$\VisuPro\156005009\SecAna.db,CHAN_001,GEFJ4.32010.P_ACT,99#风机有功功率
338,\\172.16.10.9\c$\VisuPro\156005009\SecAna.db,CHAN_003,GEFJ4.32010.PF,99#风机性能因素
339,\\172.16.10.9\c$\VisuPro\156005009\SecAna.db,CHAN_004,GEFJ4.32010.Q,99#风机无功
340,\\172.16.10.9\c$\VisuPro\156005009\SecAna.db,CHAN_005,GEFJ4.32010.U_A_N,99#风机A相电压
341,\\172.16.10.9\c$\VisuPro\156005009\SecAna.db,CHAN_006,GEFJ4.32010.U_B_N,99#风机B相电压
342,\\172.16.10.9\c$\VisuPro\156005009\SecAna.db,CHAN_007,GEFJ4.32010.U_C_N,99#风机C相电压
343,\\172.16.10.9\c$\VisuPro\156005009\SecAna.db,CHAN_008,GEFJ4.32010.I_A,99#风机A相电流
344,\\172.16.10.9\c$\VisuPro\156005009\SecAna.db,CHAN_009,GEFJ4.32010.I_B,99#风机B相电流
345,\\172.16.10.9\c$\VisuPro\156005009\SecAna.db,CHAN_010,GEFJ4.32010.I_C,99#风机C相电流
346,\\172.16.10.9\c$\VisuPro\156005009\SecAna.db,CHAN_011,GEFJ4.32010.N_GEN_CCU,99#风机发电机转速
347,\\172.16.10.9\c$\VisuPro\156005009\SecAna.db,CHAN_012,GEFJ4.32010.N_ROT_PLC,99#风机叶轮转速
348,\\172.16.10.9\c$\VisuPro\156005009\SecAna.db,CHAN_013,GEFJ4.32010.BL1_ACT,99#风机桨距角度1
349,\\172.16.10.9\c$\VisuPro\156005009\SecAna.db,CHAN_014,GEFJ4.32010.V_WIN,99#风机风速
350,\\172.16.10.9\c$\VisuPro\156005009\SecAna.db,CHAN_017,GEFJ4.32010.N_GEN_PLC,99#风机发电机PLC转速
351,\\172.16.10.9\c$\VisuPro\156005009\SecAna.db,CHAN_019,GEFJ4.32010.BL2_ACT,99#风机桨距角度2
352,\\172.16.10.9\c$\VisuPro\156005009\SecAna.db,CHAN_020,GEFJ4.32010.BL3_ACT,99#风机桨距角度3
353,\\172.16.10.9\c$\VisuPro\156005009\SecAna.db,CHAN_021,GEFJ4.32010.BL1_SET_V,99#风机桨距设定角度
354,\\172.16.10.9\c$\VisuPro\156005009\SecAna.db,CHAN_032,GEFJ4.32010.T_GEN_1,99#风机发电机1温度
355,\\172.16.10.9\c$\VisuPro\156005009\SecAna.db,CHAN_033,GEFJ4.32010.T_GEN_2,99#风机发电机2温度
356,\\172.16.10.9\c$\VisuPro\156005009\SecAna.db,CHAN_034,GEFJ4.32010.T_BEAR_A,99#风机轴承A温度
357,\\172.16.10.9\c$\VisuPro\156005009\SecAna.db,CHAN_035,GEFJ4.32010.T_BEAR_B,99#风机轴承B温度
358,\\172.16.10.9\c$\VisuPro\156005009\SecAna.db,CHAN_036,GEFJ4.32010.T_GEAR,99#风机齿轮箱温度
359,\\172.16.10.9\c$\VisuPro\156005009\SecAna.db,CHAN_037,GEFJ4.32010.T_AMB,99#风机环境温度
360,\\172.16.10.9\c$\VisuPro\156005009\SecAna.db,CHAN_038,GEFJ4.32010.T_NAC,99#风机机舱温度
361,\\172.16.10.9\c$\VisuPro\156005009\SecAna.db,CHAN_040,GEFJ4.32010.T_GEAR_BEAR,99#风机齿轮箱轴承温度
362,\\172.16.10.9\c$\VisuPro\156005009\SecAna.db,CHAN_056,GEFJ4.32010.HYD_PRES,99#风机液压
363,\\172.16.10.9\c$\VisuPro\156005009\SecAna.db,CHAN_061,GEFJ4.32010.T_MAIN_BOX,99#风机主控柜温度
364,\\172.16.10.9\c$\VisuPro\156005009\SecAna.db,CHAN_062,GEFJ4.32010.T_TOP_BOX,99#风机顶部控制柜温度
365,\\172.16.10.9\c$\VisuPro\156005009\SecAna.db,CHAN_063,GEFJ4.32010.T_CTRL_BOX,99#风机轮毂控制柜温度
366,\\172.16.10.9\c$\VisuPro\156005009\SecAna.db,CHAN_064,GEFJ4.32010.T_CTRL_BOX1,99#风机轮毂轴承1控制柜温度
367,\\172.16.10.9\c$\VisuPro\156005009\SecAna.db,CHAN_065,GEFJ4.32010.T_BAT_BOX1,99#风机电池柜1温度
368,\\172.16.10.9\c$\VisuPro\156005009\SecAna.db,CHAN_066,GEFJ4.32010.T_CTRL_BOX2,99#风机轮毂轴承2控制柜温度
369,\\172.16.10.9\c$\VisuPro\156005009\SecAna.db,CHAN_067,GEFJ4.32010.T_BAT_BOX2,99#风机电池柜2温度
370,\\172.16.10.9\c$\VisuPro\156005009\SecAna.db,CHAN_068,GEFJ4.32010.T_CTRL_BOX3,99#风机轮毂轴承3控制柜温度
371,\\172.16.10.9\c$\VisuPro\156005009\SecAna.db,CHAN_070,GEFJ4.32010.T_BAT_BOX3,99#风机电池柜3温度
372,\\172.16.10.9\c$\VisuPro\156005009\SecAna.db,CHAN_072,GEFJ4.32010.T_HUB,99#风机轮毂温度
373,\\172.16.10.9\c$\VisuPro\156005009\StatDat.db,PROD,GEFJ4.32010.PROD,99#风机发电量
374,\\172.16.10.9\c$\VisuPro\156005009\StatDat.db,OTT,GEFJ4.32010.OTT,99#风机并网发电时间
375,\\172.16.10.9\c$\VisuPro\156005009\ErrDev.db,StatusNumber,GEFJ4.32010.STATE,99#风机风机状态
376,\\172.16.10.9\c$\VisuPro\156005009\SecAna.db,CHAN_022,GEFJ4.32010.BL2_SET_V,99#风机桨距设定角度2
377,\\172.16.10.9\c$\VisuPro\156005009\SecAna.db,CHAN_023,GEFJ4.32010.BL3_SET_V,99#风机桨距设定角度3
378,\\172.16.10.9\c$\VisuPro\156005009\SecAna.db,CHAN_015,GEFJ4.32010.POS_NAC,99#风机机舱位置
379,\\172.16.10.10\c$\VisuPro\156005010\SecAna.db,CHAN_001,GEFJ4.32002.P_ACT,100#风机有功功率
380,\\172.16.10.10\c$\VisuPro\156005010\SecAna.db,CHAN_003,GEFJ4.32002.PF,100#风机性能因素
381,\\172.16.10.10\c$\VisuPro\156005010\SecAna.db,CHAN_004,GEFJ4.32002.Q,100#风机无功
382,\\172.16.10.10\c$\VisuPro\156005010\SecAna.db,CHAN_005,GEFJ4.32002.U_A_N,100#风机A相电压
383,\\172.16.10.10\c$\VisuPro\156005010\SecAna.db,CHAN_006,GEFJ4.32002.U_B_N,100#风机B相电压
384,\\172.16.10.10\c$\VisuPro\156005010\SecAna.db,CHAN_007,GEFJ4.32002.U_C_N,100#风机C相电压
385,\\172.16.10.10\c$\VisuPro\156005010\SecAna.db,CHAN_008,GEFJ4.32002.I_A,100#风机A相电流
386,\\172.16.10.10\c$\VisuPro\156005010\SecAna.db,CHAN_009,GEFJ4.32002.I_B,100#风机B相电流
387,\\172.16.10.10\c$\VisuPro\156005010\SecAna.db,CHAN_010,GEFJ4.32002.I_C,100#风机C相电流
388,\\172.16.10.10\c$\VisuPro\156005010\SecAna.db,CHAN_011,GEFJ4.32002.N_GEN_CCU,100#风机发电机转速
389,\\172.16.10.10\c$\VisuPro\156005010\SecAna.db,CHAN_012,GEFJ4.32002.N_ROT_PLC,100#风机叶轮转速
390,\\172.16.10.10\c$\VisuPro\156005010\SecAna.db,CHAN_013,GEFJ4.32002.BL1_ACT,100#风机桨距角度1
391,\\172.16.10.10\c$\VisuPro\156005010\SecAna.db,CHAN_014,GEFJ4.32002.V_WIN,100#风机风速
392,\\172.16.10.10\c$\VisuPro\156005010\SecAna.db,CHAN_017,GEFJ4.32002.N_GEN_PLC,100#风机发电机PLC转速
393,\\172.16.10.10\c$\VisuPro\156005010\SecAna.db,CHAN_019,GEFJ4.32002.BL2_ACT,100#风机桨距角度2
394,\\172.16.10.10\c$\VisuPro\156005010\SecAna.db,CHAN_020,GEFJ4.32002.BL3_ACT,100#风机桨距角度3
395,\\172.16.10.10\c$\VisuPro\156005010\SecAna.db,CHAN_021,GEFJ4.32002.BL1_SET_V,100#风机桨距设定角度
396,\\172.16.10.10\c$\VisuPro\156005010\SecAna.db,CHAN_032,GEFJ4.32002.T_GEN_1,100#风机发电机1温度
397,\\172.16.10.10\c$\VisuPro\156005010\SecAna.db,CHAN_033,GEFJ4.32002.T_GEN_2,100#风机发电机2温度
398,\\172.16.10.10\c$\VisuPro\156005010\SecAna.db,CHAN_034,GEFJ4.32002.T_BEAR_A,100#风机轴承A温度
399,\\172.16.10.10\c$\VisuPro\156005010\SecAna.db,CHAN_035,GEFJ4.32002.T_BEAR_B,100#风机轴承B温度
400,\\172.16.10.10\c$\VisuPro\156005010\SecAna.db,CHAN_036,GEFJ4.32002.T_GEAR,100#风机齿轮箱温度
401,\\172.16.10.10\c$\VisuPro\156005010\SecAna.db,CHAN_037,GEFJ4.32002.T_AMB,100#风机环境温度
402,\\172.16.10.10\c$\VisuPro\156005010\SecAna.db,CHAN_038,GEFJ4.32002.T_NAC,100#风机机舱温度
403,\\172.16.10.10\c$\VisuPro\156005010\SecAna.db,CHAN_040,GEFJ4.32002.T_GEAR_BEAR,100#风机齿轮箱轴承温度
404,\\172.16.10.10\c$\VisuPro\156005010\SecAna.db,CHAN_056,GEFJ4.32002.HYD_PRES,100#风机液压
405,\\172.16.10.10\c$\VisuPro\156005010\SecAna.db,CHAN_061,GEFJ4.32002.T_MAIN_BOX,100#风机主控柜温度
406,\\172.16.10.10\c$\VisuPro\156005010\SecAna.db,CHAN_062,GEFJ4.32002.T_TOP_BOX,100#风机顶部控制柜温度
407,\\172.16.10.10\c$\VisuPro\156005010\SecAna.db,CHAN_063,GEFJ4.32002.T_CTRL_BOX,100#风机轮毂控制柜温度
408,\\172.16.10.10\c$\VisuPro\156005010\SecAna.db,CHAN_064,GEFJ4.32002.T_CTRL_BOX1,100#风机轮毂轴承1控制柜温度
409,\\172.16.10.10\c$\VisuPro\156005010\SecAna.db,CHAN_065,GEFJ4.32002.T_BAT_BOX1,100#风机电池柜1温度
410,\\172.16.10.10\c$\VisuPro\156005010\SecAna.db,CHAN_066,GEFJ4.32002.T_CTRL_BOX2,100#风机轮毂轴承2控制柜温度
411,\\172.16.10.10\c$\VisuPro\156005010\SecAna.db,CHAN_067,GEFJ4.32002.T_BAT_BOX2,100#风机电池柜2温度
412,\\172.16.10.10\c$\VisuPro\156005010\SecAna.db,CHAN_068,GEFJ4.32002.T_CTRL_BOX3,100#风机轮毂轴承3控制柜温度
413,\\172.16.10.10\c$\VisuPro\156005010\SecAna.db,CHAN_070,GEFJ4.32002.T_BAT_BOX3,100#风机电池柜3温度
414,\\172.16.10.10\c$\VisuPro\156005010\SecAna.db,CHAN_072,GEFJ4.32002.T_HUB,100#风机轮毂温度
415,\\172.16.10.10\c$\VisuPro\156005010\StatDat.db,PROD,GEFJ4.32002.PROD,100#风机发电量
416,\\172.16.10.10\c$\VisuPro\156005010\StatDat.db,OTT,GEFJ4.32002.OTT,100#风机并网发电时间
417,\\172.16.10.10\c$\VisuPro\156005010\ErrDev.db,StatusNumber,GEFJ4.32002.STATE,100#风机风机状态
418,\\172.16.10.10\c$\VisuPro\156005010\SecAna.db,CHAN_022,GEFJ4.32002.BL2_SET_V,100#风机桨距设定角度2
419,\\172.16.10.10\c$\VisuPro\156005010\SecAna.db,CHAN_023,GEFJ4.32002.BL3_SET_V,100#风机桨距设定角度3
420,\\172.16.10.10\c$\VisuPro\156005010\SecAna.db,CHAN_015,GEFJ4.32002.POS_NAC,100#风机机舱位置
421,\\172.16.10.11\c$\VisuPro\156005011\SecAna.db,CHAN_001,GEFJ4.32001.P_ACT,101#风机有功功率
422,\\172.16.10.11\c$\VisuPro\156005011\SecAna.db,CHAN_003,GEFJ4.32001.PF,101#风机性能因素
423,\\172.16.10.11\c$\VisuPro\156005011\SecAna.db,CHAN_004,GEFJ4.32001.Q,101#风机无功
424,\\172.16.10.11\c$\VisuPro\156005011\SecAna.db,CHAN_005,GEFJ4.32001.U_A_N,101#风机A相电压
425,\\172.16.10.11\c$\VisuPro\156005011\SecAna.db,CHAN_006,GEFJ4.32001.U_B_N,101#风机B相电压
426,\\172.16.10.11\c$\VisuPro\156005011\SecAna.db,CHAN_007,GEFJ4.32001.U_C_N,101#风机C相电压
427,\\172.16.10.11\c$\VisuPro\156005011\SecAna.db,CHAN_008,GEFJ4.32001.I_A,101#风机A相电流
428,\\172.16.10.11\c$\VisuPro\156005011\SecAna.db,CHAN_009,GEFJ4.32001.I_B,101#风机B相电流
429,\\172.16.10.11\c$\VisuPro\156005011\SecAna.db,CHAN_010,GEFJ4.32001.I_C,101#风机C相电流
430,\\172.16.10.11\c$\VisuPro\156005011\SecAna.db,CHAN_011,GEFJ4.32001.N_GEN_CCU,101#风机发电机转速
431,\\172.16.10.11\c$\VisuPro\156005011\SecAna.db,CHAN_012,GEFJ4.32001.N_ROT_PLC,101#风机叶轮转速
432,\\172.16.10.11\c$\VisuPro\156005011\SecAna.db,CHAN_013,GEFJ4.32001.BL1_ACT,101#风机桨距角度1
433,\\172.16.10.11\c$\VisuPro\156005011\SecAna.db,CHAN_014,GEFJ4.32001.V_WIN,101#风机风速
434,\\172.16.10.11\c$\VisuPro\156005011\SecAna.db,CHAN_017,GEFJ4.32001.N_GEN_PLC,101#风机发电机PLC转速
435,\\172.16.10.11\c$\VisuPro\156005011\SecAna.db,CHAN_019,GEFJ4.32001.BL2_ACT,101#风机桨距角度2
436,\\172.16.10.11\c$\VisuPro\156005011\SecAna.db,CHAN_020,GEFJ4.32001.BL3_ACT,101#风机桨距角度3
437,\\172.16.10.11\c$\VisuPro\156005011\SecAna.db,CHAN_021,GEFJ4.32001.BL1_SET_V,101#风机桨距设定角度
438,\\172.16.10.11\c$\VisuPro\156005011\SecAna.db,CHAN_032,GEFJ4.32001.T_GEN_1,101#风机发电机1温度
439,\\172.16.10.11\c$\VisuPro\156005011\SecAna.db,CHAN_033,GEFJ4.32001.T_GEN_2,101#风机发电机2温度
440,\\172.16.10.11\c$\VisuPro\156005011\SecAna.db,CHAN_034,GEFJ4.32001.T_BEAR_A,101#风机轴承A温度
441,\\172.16.10.11\c$\VisuPro\156005011\SecAna.db,CHAN_035,GEFJ4.32001.T_BEAR_B,101#风机轴承B温度
442,\\172.16.10.11\c$\VisuPro\156005011\SecAna.db,CHAN_036,GEFJ4.32001.T_GEAR,101#风机齿轮箱温度
443,\\172.16.10.11\c$\VisuPro\156005011\SecAna.db,CHAN_037,GEFJ4.32001.T_AMB,101#风机环境温度
444,\\172.16.10.11\c$\VisuPro\156005011\SecAna.db,CHAN_038,GEFJ4.32001.T_NAC,101#风机机舱温度
445,\\172.16.10.11\c$\VisuPro\156005011\SecAna.db,CHAN_040,GEFJ4.32001.T_GEAR_BEAR,101#风机齿轮箱轴承温度
446,\\172.16.10.11\c$\VisuPro\156005011\SecAna.db,CHAN_056,GEFJ4.32001.HYD_PRES,101#风机液压
447,\\172.16.10.11\c$\VisuPro\156005011\SecAna.db,CHAN_061,GEFJ4.32001.T_MAIN_BOX,101#风机主控柜温度
448,\\172.16.10.11\c$\VisuPro\156005011\SecAna.db,CHAN_062,GEFJ4.32001.T_TOP_BOX,101#风机顶部控制柜温度
449,\\172.16.10.11\c$\VisuPro\156005011\SecAna.db,CHAN_063,GEFJ4.32001.T_CTRL_BOX,101#风机轮毂控制柜温度
450,\\172.16.10.11\c$\VisuPro\156005011\SecAna.db,CHAN_064,GEFJ4.32001.T_CTRL_BOX1,101#风机轮毂轴承1控制柜温度
451,\\172.16.10.11\c$\VisuPro\156005011\SecAna.db,CHAN_065,GEFJ4.32001.T_BAT_BOX1,101#风机电池柜1温度
452,\\172.16.10.11\c$\VisuPro\156005011\SecAna.db,CHAN_066,GEFJ4.32001.T_CTRL_BOX2,101#风机轮毂轴承2控制柜温度
453,\\172.16.10.11\c$\VisuPro\156005011\SecAna.db,CHAN_067,GEFJ4.32001.T_BAT_BOX2,101#风机电池柜2温度
454,\\172.16.10.11\c$\VisuPro\156005011\SecAna.db,CHAN_068,GEFJ4.32001.T_CTRL_BOX3,101#风机轮毂轴承3控制柜温度
455,\\172.16.10.11\c$\VisuPro\156005011\SecAna.db,CHAN_070,GEFJ4.32001.T_BAT_BOX3,101#风机电池柜3温度
456,\\172.16.10.11\c$\VisuPro\156005011\SecAna.db,CHAN_072,GEFJ4.32001.T_HUB,101#风机轮毂温度
457,\\172.16.10.11\c$\VisuPro\156005011\StatDat.db,PROD,GEFJ4.32001.PROD,101#风机发电量
458,\\172.16.10.11\c$\VisuPro\156005011\StatDat.db,OTT,GEFJ4.32001.OTT,101#风机并网发电时间
459,\\172.16.10.11\c$\VisuPro\156005011\ErrDev.db,StatusNumber,GEFJ4.32001.STATE,101#风机风机状态
460,\\172.16.10.11\c$\VisuPro\156005011\SecAna.db,CHAN_022,GEFJ4.32001.BL2_SET_V,101#风机桨距设定角度2
461,\\172.16.10.11\c$\VisuPro\156005011\SecAna.db,CHAN_023,GEFJ4.32001.BL3_SET_V,101#风机桨距设定角度3
462,\\172.16.10.11\c$\VisuPro\156005011\SecAna.db,CHAN_015,GEFJ4.32001.POS_NAC,101#风机机舱位置
463,\\172.16.10.12\c$\VisuPro\156005012\SecAna.db,CHAN_001,GEFJ4.32004.P_ACT,102#风机有功功率
464,\\172.16.10.12\c$\VisuPro\156005012\SecAna.db,CHAN_003,GEFJ4.32004.PF,102#风机性能因素
465,\\172.16.10.12\c$\VisuPro\156005012\SecAna.db,CHAN_004,GEFJ4.32004.Q,102#风机无功
466,\\172.16.10.12\c$\VisuPro\156005012\SecAna.db,CHAN_005,GEFJ4.32004.U_A_N,102#风机A相电压
467,\\172.16.10.12\c$\VisuPro\156005012\SecAna.db,CHAN_006,GEFJ4.32004.U_B_N,102#风机B相电压
468,\\172.16.10.12\c$\VisuPro\156005012\SecAna.db,CHAN_007,GEFJ4.32004.U_C_N,102#风机C相电压
469,\\172.16.10.12\c$\VisuPro\156005012\SecAna.db,CHAN_008,GEFJ4.32004.I_A,102#风机A相电流
470,\\172.16.10.12\c$\VisuPro\156005012\SecAna.db,CHAN_009,GEFJ4.32004.I_B,102#风机B相电流
471,\\172.16.10.12\c$\VisuPro\156005012\SecAna.db,CHAN_010,GEFJ4.32004.I_C,102#风机C相电流
472,\\172.16.10.12\c$\VisuPro\156005012\SecAna.db,CHAN_011,GEFJ4.32004.N_GEN_CCU,102#风机发电机转速
473,\\172.16.10.12\c$\VisuPro\156005012\SecAna.db,CHAN_012,GEFJ4.32004.N_ROT_PLC,102#风机叶轮转速
474,\\172.16.10.12\c$\VisuPro\156005012\SecAna.db,CHAN_013,GEFJ4.32004.BL1_ACT,102#风机桨距角度1
475,\\172.16.10.12\c$\VisuPro\156005012\SecAna.db,CHAN_014,GEFJ4.32004.V_WIN,102#风机风速
476,\\172.16.10.12\c$\VisuPro\156005012\SecAna.db,CHAN_017,GEFJ4.32004.N_GEN_PLC,102#风机发电机PLC转速
477,\\172.16.10.12\c$\VisuPro\156005012\SecAna.db,CHAN_019,GEFJ4.32004.BL2_ACT,102#风机桨距角度2
478,\\172.16.10.12\c$\VisuPro\156005012\SecAna.db,CHAN_020,GEFJ4.32004.BL3_ACT,102#风机桨距角度3
479,\\172.16.10.12\c$\VisuPro\156005012\SecAna.db,CHAN_021,GEFJ4.32004.BL1_SET_V,102#风机桨距设定角度
480,\\172.16.10.12\c$\VisuPro\156005012\SecAna.db,CHAN_032,GEFJ4.32004.T_GEN_1,102#风机发电机1温度
481,\\172.16.10.12\c$\VisuPro\156005012\SecAna.db,CHAN_033,GEFJ4.32004.T_GEN_2,102#风机发电机2温度
482,\\172.16.10.12\c$\VisuPro\156005012\SecAna.db,CHAN_034,GEFJ4.32004.T_BEAR_A,102#风机轴承A温度
483,\\172.16.10.12\c$\VisuPro\156005012\SecAna.db,CHAN_035,GEFJ4.32004.T_BEAR_B,102#风机轴承B温度
484,\\172.16.10.12\c$\VisuPro\156005012\SecAna.db,CHAN_036,GEFJ4.32004.T_GEAR,102#风机齿轮箱温度
485,\\172.16.10.12\c$\VisuPro\156005012\SecAna.db,CHAN_037,GEFJ4.32004.T_AMB,102#风机环境温度
486,\\172.16.10.12\c$\VisuPro\156005012\SecAna.db,CHAN_038,GEFJ4.32004.T_NAC,102#风机机舱温度
487,\\172.16.10.12\c$\VisuPro\156005012\SecAna.db,CHAN_040,GEFJ4.32004.T_GEAR_BEAR,102#风机齿轮箱轴承温度
488,\\172.16.10.12\c$\VisuPro\156005012\SecAna.db,CHAN_056,GEFJ4.32004.HYD_PRES,102#风机液压
489,\\172.16.10.12\c$\VisuPro\156005012\SecAna.db,CHAN_061,GEFJ4.32004.T_MAIN_BOX,102#风机主控柜温度
490,\\172.16.10.12\c$\VisuPro\156005012\SecAna.db,CHAN_062,GEFJ4.32004.T_TOP_BOX,102#风机顶部控制柜温度
491,\\172.16.10.12\c$\VisuPro\156005012\SecAna.db,CHAN_063,GEFJ4.32004.T_CTRL_BOX,102#风机轮毂控制柜温度
492,\\172.16.10.12\c$\VisuPro\156005012\SecAna.db,CHAN_064,GEFJ4.32004.T_CTRL_BOX1,102#风机轮毂轴承1控制柜温度
493,\\172.16.10.12\c$\VisuPro\156005012\SecAna.db,CHAN_065,GEFJ4.32004.T_BAT_BOX1,102#风机电池柜1温度
494,\\172.16.10.12\c$\VisuPro\156005012\SecAna.db,CHAN_066,GEFJ4.32004.T_CTRL_BOX2,102#风机轮毂轴承2控制柜温度
495,\\172.16.10.12\c$\VisuPro\156005012\SecAna.db,CHAN_067,GEFJ4.32004.T_BAT_BOX2,102#风机电池柜2温度
496,\\172.16.10.12\c$\VisuPro\156005012\SecAna.db,CHAN_068,GEFJ4.32004.T_CTRL_BOX3,102#风机轮毂轴承3控制柜温度
497,\\172.16.10.12\c$\VisuPro\156005012\SecAna.db,CHAN_070,GEFJ4.32004.T_BAT_BOX3,102#风机电池柜3温度
498,\\172.16.10.12\c$\VisuPro\156005012\SecAna.db,CHAN_072,GEFJ4.32004.T_HUB,102#风机轮毂温度
499,\\172.16.10.12\c$\VisuPro\156005012\StatDat.db,PROD,GEFJ4.32004.PROD,102#风机发电量
500,\\172.16.10.12\c$\VisuPro\156005012\StatDat.db,OTT,GEFJ4.32004.OTT,102#风机并网发电时间
501,\\172.16.10.12\c$\VisuPro\156005012\ErrDev.db,StatusNumber,GEFJ4.32004.STATE,102#风机风机状态
502,\\172.16.10.12\c$\VisuPro\156005012\SecAna.db,CHAN_022,GEFJ4.32004.BL2_SET_V,102#风机桨距设定角度2
503,\\172.16.10.12\c$\VisuPro\156005012\SecAna.db,CHAN_023,GEFJ4.32004.BL3_SET_V,102#风机桨距设定角度3
504,\\172.16.10.12\c$\VisuPro\156005012\SecAna.db,CHAN_015,GEFJ4.32004.POS_NAC,102#风机机舱位置
505,\\172.16.10.13\c$\VisuPro\156005013\SecAna.db,CHAN_001,GEFJ4.32003.P_ACT,103#风机有功功率
506,\\172.16.10.13\c$\VisuPro\156005013\SecAna.db,CHAN_003,GEFJ4.32003.PF,103#风机性能因素
507,\\172.16.10.13\c$\VisuPro\156005013\SecAna.db,CHAN_004,GEFJ4.32003.Q,103#风机无功
508,\\172.16.10.13\c$\VisuPro\156005013\SecAna.db,CHAN_005,GEFJ4.32003.U_A_N,103#风机A相电压
509,\\172.16.10.13\c$\VisuPro\156005013\SecAna.db,CHAN_006,GEFJ4.32003.U_B_N,103#风机B相电压
510,\\172.16.10.13\c$\VisuPro\156005013\SecAna.db,CHAN_007,GEFJ4.32003.U_C_N,103#风机C相电压
511,\\172.16.10.13\c$\VisuPro\156005013\SecAna.db,CHAN_008,GEFJ4.32003.I_A,103#风机A相电流
512,\\172.16.10.13\c$\VisuPro\156005013\SecAna.db,CHAN_009,GEFJ4.32003.I_B,103#风机B相电流
513,\\172.16.10.13\c$\VisuPro\156005013\SecAna.db,CHAN_010,GEFJ4.32003.I_C,103#风机C相电流
514,\\172.16.10.13\c$\VisuPro\156005013\SecAna.db,CHAN_011,GEFJ4.32003.N_GEN_CCU,103#风机发电机转速
515,\\172.16.10.13\c$\VisuPro\156005013\SecAna.db,CHAN_012,GEFJ4.32003.N_ROT_PLC,103#风机叶轮转速
516,\\172.16.10.13\c$\VisuPro\156005013\SecAna.db,CHAN_013,GEFJ4.32003.BL1_ACT,103#风机桨距角度1
517,\\172.16.10.13\c$\VisuPro\156005013\SecAna.db,CHAN_014,GEFJ4.32003.V_WIN,103#风机风速
518,\\172.16.10.13\c$\VisuPro\156005013\SecAna.db,CHAN_017,GEFJ4.32003.N_GEN_PLC,103#风机发电机PLC转速
519,\\172.16.10.13\c$\VisuPro\156005013\SecAna.db,CHAN_019,GEFJ4.32003.BL2_ACT,103#风机桨距角度2
520,\\172.16.10.13\c$\VisuPro\156005013\SecAna.db,CHAN_020,GEFJ4.32003.BL3_ACT,103#风机桨距角度3
521,\\172.16.10.13\c$\VisuPro\156005013\SecAna.db,CHAN_021,GEFJ4.32003.BL1_SET_V,103#风机桨距设定角度
522,\\172.16.10.13\c$\VisuPro\156005013\SecAna.db,CHAN_032,GEFJ4.32003.T_GEN_1,103#风机发电机1温度
523,\\172.16.10.13\c$\VisuPro\156005013\SecAna.db,CHAN_033,GEFJ4.32003.T_GEN_2,103#风机发电机2温度
524,\\172.16.10.13\c$\VisuPro\156005013\SecAna.db,CHAN_034,GEFJ4.32003.T_BEAR_A,103#风机轴承A温度
525,\\172.16.10.13\c$\VisuPro\156005013\SecAna.db,CHAN_035,GEFJ4.32003.T_BEAR_B,103#风机轴承B温度
526,\\172.16.10.13\c$\VisuPro\156005013\SecAna.db,CHAN_036,GEFJ4.32003.T_GEAR,103#风机齿轮箱温度
527,\\172.16.10.13\c$\VisuPro\156005013\SecAna.db,CHAN_037,GEFJ4.32003.T_AMB,103#风机环境温度
528,\\172.16.10.13\c$\VisuPro\156005013\SecAna.db,CHAN_038,GEFJ4.32003.T_NAC,103#风机机舱温度
529,\\172.16.10.13\c$\VisuPro\156005013\SecAna.db,CHAN_040,GEFJ4.32003.T_GEAR_BEAR,103#风机齿轮箱轴承温度
530,\\172.16.10.13\c$\VisuPro\156005013\SecAna.db,CHAN_056,GEFJ4.32003.HYD_PRES,103#风机液压
531,\\172.16.10.13\c$\VisuPro\156005013\SecAna.db,CHAN_061,GEFJ4.32003.T_MAIN_BOX,103#风机主控柜温度
532,\\172.16.10.13\c$\VisuPro\156005013\SecAna.db,CHAN_062,GEFJ4.32003.T_TOP_BOX,103#风机顶部控制柜温度
533,\\172.16.10.13\c$\VisuPro\156005013\SecAna.db,CHAN_063,GEFJ4.32003.T_CTRL_BOX,103#风机轮毂控制柜温度
534,\\172.16.10.13\c$\VisuPro\156005013\SecAna.db,CHAN_064,GEFJ4.32003.T_CTRL_BOX1,103#风机轮毂轴承1控制柜温度
535,\\172.16.10.13\c$\VisuPro\156005013\SecAna.db,CHAN_065,GEFJ4.32003.T_BAT_BOX1,103#风机电池柜1温度
536,\\172.16.10.13\c$\VisuPro\156005013\SecAna.db,CHAN_066,GEFJ4.32003.T_CTRL_BOX2,103#风机轮毂轴承2控制柜温度
537,\\172.16.10.13\c$\VisuPro\156005013\SecAna.db,CHAN_067,GEFJ4.32003.T_BAT_BOX2,103#风机电池柜2温度
538,\\172.16.10.13\c$\VisuPro\156005013\SecAna.db,CHAN_068,GEFJ4.32003.T_CTRL_BOX3,103#风机轮毂轴承3控制柜温度
539,\\172.16.10.13\c$\VisuPro\156005013\SecAna.db,CHAN_070,GEFJ4.32003.T_BAT_BOX3,103#风机电池柜3温度
540,\\172.16.10.13\c$\VisuPro\156005013\SecAna.db,CHAN_072,GEFJ4.32003.T_HUB,103#风机轮毂温度
541,\\172.16.10.13\c$\VisuPro\156005013\StatDat.db,PROD,GEFJ4.32003.PROD,103#风机发电量
542,\\172.16.10.13\c$\VisuPro\156005013\StatDat.db,OTT,GEFJ4.32003.OTT,103#风机并网发电时间
543,\\172.16.10.13\c$\VisuPro\156005013\ErrDev.db,StatusNumber,GEFJ4.32003.STATE,103#风机风机状态
544,\\172.16.10.13\c$\VisuPro\156005013\SecAna.db,CHAN_022,GEFJ4.32003.BL2_SET_V,103#风机桨距设定角度2
545,\\172.16.10.13\c$\VisuPro\156005013\SecAna.db,CHAN_023,GEFJ4.32003.BL3_SET_V,103#风机桨距设定角度3
546,\\172.16.10.13\c$\VisuPro\156005013\SecAna.db,CHAN_015,GEFJ4.32003.POS_NAC,103#风机机舱位置
547,\\172.16.10.14\c$\VisuPro\156005014\SecAna.db,CHAN_001,GEFJ4.32005.P_ACT,104#风机有功功率
548,\\172.16.10.14\c$\VisuPro\156005014\SecAna.db,CHAN_003,GEFJ4.32005.PF,104#风机性能因素
549,\\172.16.10.14\c$\VisuPro\156005014\SecAna.db,CHAN_004,GEFJ4.32005.Q,104#风机无功
550,\\172.16.10.14\c$\VisuPro\156005014\SecAna.db,CHAN_005,GEFJ4.32005.U_A_N,104#风机A相电压
551,\\172.16.10.14\c$\VisuPro\156005014\SecAna.db,CHAN_006,GEFJ4.32005.U_B_N,104#风机B相电压
552,\\172.16.10.14\c$\VisuPro\156005014\SecAna.db,CHAN_007,GEFJ4.32005.U_C_N,104#风机C相电压
553,\\172.16.10.14\c$\VisuPro\156005014\SecAna.db,CHAN_008,GEFJ4.32005.I_A,104#风机A相电流
554,\\172.16.10.14\c$\VisuPro\156005014\SecAna.db,CHAN_009,GEFJ4.32005.I_B,104#风机B相电流
555,\\172.16.10.14\c$\VisuPro\156005014\SecAna.db,CHAN_010,GEFJ4.32005.I_C,104#风机C相电流
556,\\172.16.10.14\c$\VisuPro\156005014\SecAna.db,CHAN_011,GEFJ4.32005.N_GEN_CCU,104#风机发电机转速
557,\\172.16.10.14\c$\VisuPro\156005014\SecAna.db,CHAN_012,GEFJ4.32005.N_ROT_PLC,104#风机叶轮转速
558,\\172.16.10.14\c$\VisuPro\156005014\SecAna.db,CHAN_013,GEFJ4.32005.BL1_ACT,104#风机桨距角度1
559,\\172.16.10.14\c$\VisuPro\156005014\SecAna.db,CHAN_014,GEFJ4.32005.V_WIN,104#风机风速
560,\\172.16.10.14\c$\VisuPro\156005014\SecAna.db,CHAN_017,GEFJ4.32005.N_GEN_PLC,104#风机发电机PLC转速
561,\\172.16.10.14\c$\VisuPro\156005014\SecAna.db,CHAN_019,GEFJ4.32005.BL2_ACT,104#风机桨距角度2
562,\\172.16.10.14\c$\VisuPro\156005014\SecAna.db,CHAN_020,GEFJ4.32005.BL3_ACT,104#风机桨距角度3
563,\\172.16.10.14\c$\VisuPro\156005014\SecAna.db,CHAN_021,GEFJ4.32005.BL1_SET_V,104#风机桨距设定角度
564,\\172.16.10.14\c$\VisuPro\156005014\SecAna.db,CHAN_032,GEFJ4.32005.T_GEN_1,104#风机发电机1温度
565,\\172.16.10.14\c$\VisuPro\156005014\SecAna.db,CHAN_033,GEFJ4.32005.T_GEN_2,104#风机发电机2温度
566,\\172.16.10.14\c$\VisuPro\156005014\SecAna.db,CHAN_034,GEFJ4.32005.T_BEAR_A,104#风机轴承A温度
567,\\172.16.10.14\c$\VisuPro\156005014\SecAna.db,CHAN_035,GEFJ4.32005.T_BEAR_B,104#风机轴承B温度
568,\\172.16.10.14\c$\VisuPro\156005014\SecAna.db,CHAN_036,GEFJ4.32005.T_GEAR,104#风机齿轮箱温度
569,\\172.16.10.14\c$\VisuPro\156005014\SecAna.db,CHAN_037,GEFJ4.32005.T_AMB,104#风机环境温度
570,\\172.16.10.14\c$\VisuPro\156005014\SecAna.db,CHAN_038,GEFJ4.32005.T_NAC,104#风机机舱温度
571,\\172.16.10.14\c$\VisuPro\156005014\SecAna.db,CHAN_040,GEFJ4.32005.T_GEAR_BEAR,104#风机齿轮箱轴承温度
572,\\172.16.10.14\c$\VisuPro\156005014\SecAna.db,CHAN_056,GEFJ4.32005.HYD_PRES,104#风机液压
573,\\172.16.10.14\c$\VisuPro\156005014\SecAna.db,CHAN_061,GEFJ4.32005.T_MAIN_BOX,104#风机主控柜温度
574,\\172.16.10.14\c$\VisuPro\156005014\SecAna.db,CHAN_062,GEFJ4.32005.T_TOP_BOX,104#风机顶部控制柜温度
575,\\172.16.10.14\c$\VisuPro\156005014\SecAna.db,CHAN_063,GEFJ4.32005.T_CTRL_BOX,104#风机轮毂控制柜温度
576,\\172.16.10.14\c$\VisuPro\156005014\SecAna.db,CHAN_064,GEFJ4.32005.T_CTRL_BOX1,104#风机轮毂轴承1控制柜温度
577,\\172.16.10.14\c$\VisuPro\156005014\SecAna.db,CHAN_065,GEFJ4.32005.T_BAT_BOX1,104#风机电池柜1温度
578,\\172.16.10.14\c$\VisuPro\156005014\SecAna.db,CHAN_066,GEFJ4.32005.T_CTRL_BOX2,104#风机轮毂轴承2控制柜温度
579,\\172.16.10.14\c$\VisuPro\156005014\SecAna.db,CHAN_067,GEFJ4.32005.T_BAT_BOX2,104#风机电池柜2温度
580,\\172.16.10.14\c$\VisuPro\156005014\SecAna.db,CHAN_068,GEFJ4.32005.T_CTRL_BOX3,104#风机轮毂轴承3控制柜温度
581,\\172.16.10.14\c$\VisuPro\156005014\SecAna.db,CHAN_070,GEFJ4.32005.T_BAT_BOX3,104#风机电池柜3温度
582,\\172.16.10.14\c$\VisuPro\156005014\SecAna.db,CHAN_072,GEFJ4.32005.T_HUB,104#风机轮毂温度
583,\\172.16.10.14\c$\VisuPro\156005014\StatDat.db,PROD,GEFJ4.32005.PROD,104#风机发电量
584,\\172.16.10.14\c$\VisuPro\156005014\StatDat.db,OTT,GEFJ4.32005.OTT,104#风机并网发电时间
585,\\172.16.10.14\c$\VisuPro\156005014\ErrDev.db,StatusNumber,GEFJ4.32005.STATE,104#风机风机状态
586,\\172.16.10.14\c$\VisuPro\156005014\SecAna.db,CHAN_022,GEFJ4.32005.BL2_SET_V,104#风机桨距设定角度2
587,\\172.16.10.14\c$\VisuPro\156005014\SecAna.db,CHAN_023,GEFJ4.32005.BL3_SET_V,104#风机桨距设定角度3
588,\\172.16.10.14\c$\VisuPro\156005014\SecAna.db,CHAN_015,GEFJ4.32005.POS_NAC,104#风机机舱位置
589,\\172.16.10.15\c$\VisuPro\156005015\SecAna.db,CHAN_001,GEFJ4.32006.P_ACT,105#风机有功功率
590,\\172.16.10.15\c$\VisuPro\156005015\SecAna.db,CHAN_003,GEFJ4.32006.PF,105#风机性能因素
591,\\172.16.10.15\c$\VisuPro\156005015\SecAna.db,CHAN_004,GEFJ4.32006.Q,105#风机无功
592,\\172.16.10.15\c$\VisuPro\156005015\SecAna.db,CHAN_005,GEFJ4.32006.U_A_N,105#风机A相电压
593,\\172.16.10.15\c$\VisuPro\156005015\SecAna.db,CHAN_006,GEFJ4.32006.U_B_N,105#风机B相电压
594,\\172.16.10.15\c$\VisuPro\156005015\SecAna.db,CHAN_007,GEFJ4.32006.U_C_N,105#风机C相电压
595,\\172.16.10.15\c$\VisuPro\156005015\SecAna.db,CHAN_008,GEFJ4.32006.I_A,105#风机A相电流
596,\\172.16.10.15\c$\VisuPro\156005015\SecAna.db,CHAN_009,GEFJ4.32006.I_B,105#风机B相电流
597,\\172.16.10.15\c$\VisuPro\156005015\SecAna.db,CHAN_010,GEFJ4.32006.I_C,105#风机C相电流
598,\\172.16.10.15\c$\VisuPro\156005015\SecAna.db,CHAN_011,GEFJ4.32006.N_GEN_CCU,105#风机发电机转速
599,\\172.16.10.15\c$\VisuPro\156005015\SecAna.db,CHAN_012,GEFJ4.32006.N_ROT_PLC,105#风机叶轮转速
600,\\172.16.10.15\c$\VisuPro\156005015\SecAna.db,CHAN_013,GEFJ4.32006.BL1_ACT,105#风机桨距角度1
601,\\172.16.10.15\c$\VisuPro\156005015\SecAna.db,CHAN_014,GEFJ4.32006.V_WIN,105#风机风速
602,\\172.16.10.15\c$\VisuPro\156005015\SecAna.db,CHAN_017,GEFJ4.32006.N_GEN_PLC,105#风机发电机PLC转速
603,\\172.16.10.15\c$\VisuPro\156005015\SecAna.db,CHAN_019,GEFJ4.32006.BL2_ACT,105#风机桨距角度2
604,\\172.16.10.15\c$\VisuPro\156005015\SecAna.db,CHAN_020,GEFJ4.32006.BL3_ACT,105#风机桨距角度3
605,\\172.16.10.15\c$\VisuPro\156005015\SecAna.db,CHAN_021,GEFJ4.32006.BL1_SET_V,105#风机桨距设定角度
606,\\172.16.10.15\c$\VisuPro\156005015\SecAna.db,CHAN_032,GEFJ4.32006.T_GEN_1,105#风机发电机1温度
607,\\172.16.10.15\c$\VisuPro\156005015\SecAna.db,CHAN_033,GEFJ4.32006.T_GEN_2,105#风机发电机2温度
608,\\172.16.10.15\c$\VisuPro\156005015\SecAna.db,CHAN_034,GEFJ4.32006.T_BEAR_A,105#风机轴承A温度
609,\\172.16.10.15\c$\VisuPro\156005015\SecAna.db,CHAN_035,GEFJ4.32006.T_BEAR_B,105#风机轴承B温度
610,\\172.16.10.15\c$\VisuPro\156005015\SecAna.db,CHAN_036,GEFJ4.32006.T_GEAR,105#风机齿轮箱温度
611,\\172.16.10.15\c$\VisuPro\156005015\SecAna.db,CHAN_037,GEFJ4.32006.T_AMB,105#风机环境温度
612,\\172.16.10.15\c$\VisuPro\156005015\SecAna.db,CHAN_038,GEFJ4.32006.T_NAC,105#风机机舱温度
613,\\172.16.10.15\c$\VisuPro\156005015\SecAna.db,CHAN_040,GEFJ4.32006.T_GEAR_BEAR,105#风机齿轮箱轴承温度
614,\\172.16.10.15\c$\VisuPro\156005015\SecAna.db,CHAN_056,GEFJ4.32006.HYD_PRES,105#风机液压
615,\\172.16.10.15\c$\VisuPro\156005015\SecAna.db,CHAN_061,GEFJ4.32006.T_MAIN_BOX,105#风机主控柜温度
616,\\172.16.10.15\c$\VisuPro\156005015\SecAna.db,CHAN_062,GEFJ4.32006.T_TOP_BOX,105#风机顶部控制柜温度
617,\\172.16.10.15\c$\VisuPro\156005015\SecAna.db,CHAN_063,GEFJ4.32006.T_CTRL_BOX,105#风机轮毂控制柜温度
618,\\172.16.10.15\c$\VisuPro\156005015\SecAna.db,CHAN_064,GEFJ4.32006.T_CTRL_BOX1,105#风机轮毂轴承1控制柜温度
619,\\172.16.10.15\c$\VisuPro\156005015\SecAna.db,CHAN_065,GEFJ4.32006.T_BAT_BOX1,105#风机电池柜1温度
620,\\172.16.10.15\c$\VisuPro\156005015\SecAna.db,CHAN_066,GEFJ4.32006.T_CTRL_BOX2,105#风机轮毂轴承2控制柜温度
621,\\172.16.10.15\c$\VisuPro\156005015\SecAna.db,CHAN_067,GEFJ4.32006.T_BAT_BOX2,105#风机电池柜2温度
622,\\172.16.10.15\c$\VisuPro\156005015\SecAna.db,CHAN_068,GEFJ4.32006.T_CTRL_BOX3,105#风机轮毂轴承3控制柜温度
623,\\172.16.10.15\c$\VisuPro\156005015\SecAna.db,CHAN_070,GEFJ4.32006.T_BAT_BOX3,105#风机电池柜3温度
624,\\172.16.10.15\c$\VisuPro\156005015\SecAna.db,CHAN_072,GEFJ4.32006.T_HUB,105#风机轮毂温度
625,\\172.16.10.15\c$\VisuPro\156005015\StatDat.db,PROD,GEFJ4.32006.PROD,105#风机发电量
626,\\172.16.10.15\c$\VisuPro\156005015\StatDat.db,OTT,GEFJ4.32006.OTT,105#风机并网发电时间
627,\\172.16.10.15\c$\VisuPro\156005015\ErrDev.db,StatusNumber,GEFJ4.32006.STATE,105#风机风机状态
628,\\172.16.10.15\c$\VisuPro\156005015\SecAna.db,CHAN_022,GEFJ4.32006.BL2_SET_V,105#风机桨距设定角度2
629,\\172.16.10.15\c$\VisuPro\156005015\SecAna.db,CHAN_023,GEFJ4.32006.BL3_SET_V,105#风机桨距设定角度3
630,\\172.16.10.15\c$\VisuPro\156005015\SecAna.db,CHAN_015,GEFJ4.32006.POS_NAC,105#风机机舱位置
